id,brand,car_model,type,desc,problem,datetime,status
573680,一汽丰田,RAV4荣放,2020款 双擎 2.5L CVT 四驱 精英PLUS版,一汽丰田RAV4荣放发动机机油增多,"A339,",2021-02-22,信息审核
573679,领克,领克05,2020款 2.0TD 四驱 劲Halo,领克05高速行驶时方向盘震动异常,"D80,",2021-02-22,信息审核
573678,广汽本田,飞度,2014款 1.5L CVT LX舒适型,广汽本田飞度左后翼子板出现锈蚀,"H79,",2021-02-22,厂家受理
573677,吉利汽车,缤越,2019款 260T DCT 游侠 运动款 国V,吉利缤越变速箱换挡异响厂家一直不解决,"B33,I295,",2021-02-22,信息审核
573675,吉利汽车,豪越,2020款 1.8TD DCT 豪华型 5座,吉利豪越购车后不能异地做首保,"L314,",2021-02-22,信息审核
573674,上汽通用五菱,乐驰,2008款 1.0L 手动 豪华型,宝骏乐驰维修后车轮定位不准 ABS故障报警,"E74,G225,I295,J300,",2021-02-22,信息审核
573673,长城汽车,哈弗H2,2016款 1.5T 自动 两驱豪华型,哈弗H2减震器异响一直维修未解决,"A24,G52,",2021-02-22,信息审核
573671,路虎进口,揽胜星脉,2020款 P250 R-DYNAMIC S,进口路虎揽胜星脉行驶时车内有低频噪音,"H164,",2021-02-22,信息审核
573670,长城汽车,WEY VV5,2019款 2.0T 两驱 终结版,WEY VV5车辆后轮两个轮胎吃胎严重,"G245,",2021-02-22,信息审核
573668,长城汽车,哈弗H2,2016款 1.5T 手动 两驱豪华型,哈弗H2行驶时底盘出现严重异响,"G56,",2021-02-22,信息审核
573667,领克,领克03,2019款 2.0TD 自动 劲版,领克03出现电瓶亏电打不着火现象,"H146,",2021-02-22,信息审核
573661,一汽丰田,卡罗拉,2017款 1.2T CVT GL-i,一汽丰田卡罗拉上锁后警报器不定时响,"H119,H197,",2021-02-22,信息审核
573660,广汽丰田,雷凌,2017款 185T CVT 精英版 国V 改款,广汽丰田雷凌减震器漏油希望尽快处理,"G25,",2021-02-22,信息审核
573659,上汽大众斯柯达,柯迪亚克,2018款 TSI330 两驱 舒适版 5座 改款,斯柯达柯迪亚克转向异响起步异响门把手异响,"B33,D59,H233,",2021-02-22,信息审核
573656,上汽大众斯柯达,速派,2013款 1.4T DSG 名仕版,斯柯达速派车内异味一直非常严重,"H185,",2021-02-22,信息审核
573655,保时捷,Macan,2018款 Macan 2.0T,保时捷Macan车灯开裂质保期不给保修,"H220,",2021-02-22,信息审核
573653,一汽-大众,探岳,2020款 330TSI 两驱 豪华智联版,一汽大众探岳大灯进水厂家不予索赔,"H88,I297,",2021-02-22,信息审核
573652,东风本田,本田CR-V,2016款 2.0L 两驱 都市版,东风本田CR-V变速箱漏油希望尽快处理,"B22,",2021-02-22,信息审核
573650,广汽丰田,凯美瑞,2009款 240G 自动 豪华版,广汽丰田凯美瑞仪表台老化粘手希望处理,"H176,",2021-02-22,信息审核
573649,东风本田,杰德,2017款 1.8L 自动 舒适版 5座,东风本田杰德优科豪马轮胎起皮开裂,"F100,F186,",2021-02-22,信息审核
573648,一汽丰田,亚洲龙,2019款 2.0L 豪华版 国VI,一汽丰田亚洲龙点火启动后出现异响,"A9,",2021-02-22,信息审核
573645,大众（进口）,途锐,2020款 2.0TSI 锐尚版 国VI,进口大众途锐实车配置与宣传不符,"M279,",2021-02-22,信息审核
573641,一汽-大众,速腾,2014款 1.4TSI 手动 豪华型 改款,一汽大众速腾车身稳定和ABS故障一直未解决,"E74,H170,",2021-02-22,信息审核
573640,大众（进口）,蔚揽新能源,2019款 GTE,进口大众蔚揽新能源售后维修时间过长,"L312,",2021-02-22,信息审核
573638,广汽丰田,凯美瑞,2015款 2.0G 自动 领先版,广汽丰田凯美瑞两侧半轴防尘套漏油,"G161,",2021-02-22,信息审核
573637,长城汽车,风骏7,2019款 2.0T 柴油 两驱 超值型 国VI 大双 GW4D20M,长城风骏7发动机涡轮增压器损坏 不予质保,"A189,I297,",2021-02-22,厂家受理
573634,长安福特,探险者,2020款 EcoBoost 285 四驱 风尚版 7座,长安福特探险者转向机异响更换两次未解决,"D59,J298,",2021-02-22,厂家受理
573633,广汽丰田,凯美瑞,2019款 改款 2.0G 豪华版,广汽丰田凯美瑞水箱划痕 行驶时异响,"A9,A191,B33,I294,J301,",2021-02-22,信息审核
573632,上汽大通,上汽大通MAXUS V90,2020款 2.0T 手动 运杰版 前驱 后单胎 长轴 高顶 7座,上汽大通MAXUS V90行驶时跑偏变速箱打齿,"A9,C65,G117,",2021-02-22,信息审核
573626,一汽-大众,宝来,2020款 1.5L 自动 精英型,一汽大众宝来冷车启动打转向时异响,"D59,",2021-02-22,信息审核
573623,广汽讴歌,讴歌TLX-L,2018款 2.4L 尊享版,广汽讴歌TLX-L轮毂问题导致轮胎漏气,"H243,",2021-02-22,处理反馈
573620,宝马（进口）,宝马X4,2020款 xDrive25i M运动套装,进口宝马X4变速箱阀体损坏 制动故障灯亮,"B184,E62,",2021-02-22,信息审核
573615,一汽-大众,迈腾,2018款 330TSI DSG 豪华型,一汽大众迈腾变速箱机电单元故障,"B115,",2021-02-22,信息审核
573612,吉利汽车,帝豪GL,2018款 1.8L 手动 精英智联型,吉利帝豪GL车门生锈异响严重希望处理,"H79,H72,",2021-02-22,信息审核
573611,广汽本田,飞度,2014款 1.5L CVT LX舒适型,广汽本田飞度发动机熄火VTC执行器开裂,"A14,",2021-02-22,厂家受理
573606,一汽-大众,迈腾,2019款 330TSI DSG 豪华型 国V,一汽大众迈腾音响重低音时门板共振异响,"H134,H72,",2021-02-22,信息审核
573603,上汽大众斯柯达,柯迪亚克,2017款 TSI330 两驱 豪华版 5座,斯柯达柯迪亚克变速箱紧急状态无法挂倒挡,"B20,B96,",2021-02-22,信息审核
573600,一汽-大众,速腾,2019款 280TSI DSG 舒适型 国VI,一汽大众速腾刹车盘异常磨损刹车时异响,"E43,E47,",2021-02-22,信息审核
573596,一汽-大众,速腾,2015款 230TSI  自动 舒适型,一汽大众速腾轮速传感器故障导致故障灯亮,"H203,",2021-02-22,信息审核
573593,广汽丰田,汉兰达,2018款 2.0T 四驱 骑士版 7座 国VI,广汽丰田汉兰达车门胶条开裂 车顶有异响,"H15,H48,",2021-02-22,信息审核
573591,东风悦达起亚,起亚K3,2016款 1.6L 自动 GLS,东风悦达起亚K3方向管柱异响厂家拒绝更换,"D59,I297,",2021-02-22,信息审核
573590,一汽-大众,迈腾,2017款 330TSI DSG 领先型,一汽大众迈腾变速箱机电单元故障希望处理,"B115,",2021-02-22,信息审核
573587,广汽三菱,欧蓝德,2019款 2.4L 四驱 致享版 7座 国VI,广汽三菱欧蓝德敲缸爆震升级两次未解决,"A9,A18,B69,J298,",2021-02-22,厂家受理
573586,北京奔驰,奔驰GLC,2017款 300 4MATIC 动感型,北京奔驰GLC空调一侧出冷风另一侧出热风,"H101,",2021-02-22,信息审核
573585,广汽本田,皓影,2020款 240TURBO CVT 两驱 尊贵版,广汽本田皓影4S店违约延期交车 加收费用,"K307,L311,",2021-02-22,厂家受理
573584,长安汽车,长安CS55,2018款 1.5T 手动 炫色型 国V,长安CS55经销商保养发动机内部油泥严重,"N317,",2021-02-22,信息审核
573582,长安福特,福睿斯,2015款 1.5L 自动 时尚型,长安福特福睿斯冷凝器泄漏导致不制冷,"H101,",2021-02-22,厂家受理
573580,昌河铃木,北斗星,2015款 1.4L 全能升级型,昌河铃木北斗星车身及后翼子板生锈严重,"H79,",2021-02-22,厂家受理
573576,东风标致,标致408,2016款 1.6T 自动 豪华版,东风标致408发动机电子水温传感器损坏,"A191,",2021-02-22,信息审核
573574,吉利汽车,缤越,2020款 PRO 260T DCT Battle,吉利缤越提不到车4S店销售承诺未兑现,"L313,L312,L311,",2021-02-22,处理反馈
573569,林肯（进口）,林肯MKX,2017款 2.0T 两驱 尊享版,林肯MKX防动液渗入气缸导致发动机失火,"A24,A37,",2021-02-22,信息审核
573568,东风风行,风行T5L,2019款 1.5T CVT 豪华型 7座,东风风行T5L变速器故障导致车辆无法行驶,"B334,",2021-02-22,处理反馈
573567,宝马（进口）,宝马X4,2020款 xDrive25i M运动套装,进口宝马X4变速箱阀体损坏故障灯亮,"B96,B84,",2021-02-22,用户评分
573565,北京现代,途胜,2019款 280TGDi 双离合 两驱 智联版 国V,北京现代途胜多处异响 变速箱异响 饰板开裂,"B33,H168,H15,M283,",2021-02-22,信息审核
573563,一汽-大众,探岳,2019款 330TSI 两驱 豪华型 国Ⅵ,一汽大众探岳变速箱拖挡共振 车身抖动,"B95,B69,",2021-02-22,处理反馈
573561,奇瑞汽车,风云2,2015款 1.5L 手动 新锐版,奇瑞风云2车身多处生锈希望尽快处理,"H79,",2021-02-22,处理反馈
573560,上汽集团,名爵6新能源,2020款 1.5T 混动领潮豪华版,上汽名爵6新能源气囊故障灯报警希望处理,"H103,",2021-02-22,厂家受理
573558,东南汽车,东南DX3,2016款 1.5L SRG 手动 尊贵型,东南DX3中控台及四个车门异响严重,"D59,H72,H93,",2021-02-22,信息审核
573557,东风日产,天籁,2020款 2.0L XL Upper 智行版,东风日产天籁车载智联不能使用升级未解决	,"H155,M279,",2021-02-22,厂家受理
573552,东风标致,标致408,2014款 1.8L 手动 领先版,东风标致408发动机烧机油影响正常用车,"A63,",2021-02-22,信息审核
573551,长安福特,锐际,2020款 EcoBoost 245 四驱 纵享款 ST-LINE,长安福特锐际右后刹车异响 全景影像蓝屏,"E43,H134,",2021-02-22,处理反馈
573549,奇瑞汽车,瑞虎8 PLUS,2021款 290TGDI DCT 豪耀版,奇瑞瑞虎8 PLUS中控台与车门有异响,"H72,H93,",2021-02-22,处理反馈
573547,长城汽车,哈弗H2,2017款 1.5T 手动 两驱豪华型 红标,哈弗H2 4S店维修转向系统损坏转向轴防尘罩,"J300,",2021-02-22,厂家受理
573546,广汽本田,飞度,2014款 1.5L CVT LX舒适型,广汽本田飞度起动机故障无法启动,"A44,",2021-02-22,处理反馈
573545,一汽-大众,探岳,2019款 330TSI 两驱 豪华型 国Ⅵ,一汽大众探岳车灯不亮透镜裂痕雨刮异响,"H82,H60,H220,",2021-02-22,处理反馈
573544,江淮汽车,江淮iEV6E,2019款 运动版 iEV6E 豪华智能型 精装版,江淮iEV6E质保期内维修4S店不予提供代步车,"L314,",2021-02-22,处理反馈
573542,一汽丰田,RAV4荣放,2016款 2.0L CVT 两驱 智尚版 国V,一汽丰田RAV4荣放左前半轴防尘套漏油,"G161,",2021-02-22,信息审核
573541,青岛解放,GH6,燃气牵引车,青岛解放GH6耗气量严重超标希望尽快处理,"A85,",2021-02-22,信息审核
573540,广汽丰田,雷凌,2021款 185T CVT 豪华版,广汽丰田雷凌4S店销售赠送加油卡与宣传不符,"L313,M279,",2021-02-22,信息审核
573539,一汽-大众,迈腾,2017款 330TSI DSG 豪华型,一汽大众迈腾变速箱机电单元故障4S店不保修,"B84,",2021-02-22,处理反馈
573538,一汽-大众,速腾,2015款 230TSI  自动 豪华型,一汽大众速腾发动机高压油泵异响厂家不解决,"A9,",2021-02-22,用户评分
573534,长城汽车,欧拉黑猫,2019款 女神版 351km,欧拉黑猫车内异味严重影响身体健康,"H185,",2021-02-22,厂家受理
573533,华晨中华,中华V7,2018款 280T DCT 豪华型 7座,华晨中华V7节气门故障厂家无配件,"A34,H170,N318,",2021-02-22,信息审核
573532,东风日产,启辰T60,2020款 1.6L CVT 智行版 国VI,东风日产启辰T60行驶时向右跑偏方向盘沉重,"D156,G117,",2021-02-22,信息审核
573529,凯翼汽车,凯翼X3,2018款 1.6L CVT 智享版 国V,凯翼X3中控屏出现闪屏黑屏现象,"H134,",2021-02-22,信息审核
573528,一汽-大众,速腾,2021款 280TSI DSG 豪华智联版,一汽大众速腾发动机故障报警 低开发票价格,"A34,K308,M315,",2021-02-22,处理反馈
573523,一汽-大众奥迪,奥迪A4L,2016款 2.0T 自动 标准型,一汽大众奥迪A4L冷却液无故缺失,"A37,",2021-02-22,信息审核
573514,一汽丰田,亚洲龙,2019款 双擎 2.5L 豪华版 国Ⅵ,一汽丰田亚洲龙颠簸路面车门异响 内饰异响,"H72,H164,",2021-02-22,信息审核
573513,长安福特,蒙迪欧,2018款 EcoBoost 180 舒适型,长安福特蒙迪欧变速箱无法挂挡4S店无法解决,"B20,",2021-02-22,处理反馈
573510,一汽-大众,迈腾,2020款 330TSI DSG 豪华型,大众迈腾怠速发动机异响变速箱换挡异响,"A9,B33,",2021-02-22,信息审核
573509,一汽-大众,探岳,2019款 330TSI 两驱 豪华型 国Ⅵ,一汽大众探岳行驶过程中变速箱顿挫,"B19,",2021-02-22,用户评分
573506,长安福特,翼虎,2015款 2.0L GTDi 四驱尊贵型 5座,长安福特翼虎油箱加不满油 油耗高 动力不足,"A163,A85,H271,",2021-02-22,处理反馈
573504,北京奔驰,奔驰GLC,2021款 GLC 300 L 4MATIC 动感型,北京奔驰GLC右后侧车窗玻璃无法上升,"H67,",2021-02-22,信息审核
573501,广汽丰田,凯美瑞,2009款 240G 自动 豪华版,广汽丰田凯美瑞中控台软化掉皮,"H157,",2021-02-22,信息审核
573499,BEIJING汽车,BEIJING-EX3,2019款 R600 劲尚版,BEIJING-EX3能量回收失效 导航无法升级,"H146,H21,",2021-02-22,处理反馈
573498,一汽-大众奥迪,奥迪A6L,2021款 40 TFSI 豪华动感型,一汽大众奥迪A6L座椅开线 发动机抖动熄火,"A24,A14,H168,",2021-02-22,信息审核
573496,奇瑞汽车,瑞虎8,2020款 290TGDI 自动 时尚版,奇瑞瑞虎8车灯盲区大影响行车安全,"Q322,",2021-02-22,处理反馈
573494,一汽-大众,探岳,2020款 330TSI 两驱 豪华智联版,一汽大众探岳颗粒捕捉器堵塞 发动机异响,"A9,A163,A85,A114,",2021-02-22,处理反馈
573489,一汽吉林,森雅R9,2018款 1.2T 自动 尊贵智悦型,一汽吉林森雅R9变速箱故障灯亮无法行驶,"B96,",2021-02-22,信息审核
573487,林肯（进口）,林肯MKZ,2017款 2.0H E-CVT 尊享版,进口林肯MKZ发动机防冻液渗漏质量差,"A24,A37,A191,",2021-02-22,信息审核
573486,广汽丰田,汉兰达,2018款 2.0T 两驱 尊贵版 7座 国VI,广汽丰田汉兰达锁车后右后轮附近有电机声音	,"G125,",2021-02-22,信息审核
573485,上汽集团,荣威350,2014款 1.5L 手动 迅驰版 350S,上汽荣威350正时链条拉长跳齿爬坡熄火,"A14,A45,",2021-02-22,信息审核
573484,一汽-大众,探岳,2019款 330TSI 四驱 豪华型 国V,一汽大众探岳大灯内部发白不亮影响行车安全,"H82,",2021-02-22,处理反馈
573483,东风雪铁龙,C4世嘉,2016款 1.6L 自动 舒适型,东风雪铁龙C4世嘉转向柱故障方向盘晃动,"D80,",2021-02-22,处理反馈
573481,众泰汽车,大迈X7,2017款 1.8T 手动 尊贵型,众泰大迈X7商家未兑现终身免费基础保养,"L313,",2021-02-22,信息审核
573478,一汽-大众,探岳,2019款 330TSI 两驱 豪华型 国Ⅵ,一汽大众探岳转向异响 变速箱异响抖动,"A9,B33,B95,D59,I295,",2021-02-22,处理反馈
573477,上汽大众斯柯达,速派,2016款 TSI330 DSG 智行版,斯柯达速派变速箱控制单元故障要求解决,"B115,",2021-02-22,处理反馈
573474,一汽丰田,卡罗拉,2017款 1.2T S-CVT GL-i 改款,一汽丰田卡罗拉中控台开裂一直未解决,"H176,",2021-02-22,信息审核
573471,广汽丰田,雷凌,2021款 185T CVT 运动版,广汽丰田雷凌低速加速时变速箱顿挫异响,"B33,B19,",2021-02-22,信息审核
573470,东风风行,风行S50EV,2018款 EV 豪华型,东风风行S50EV快充高压线损坏 刹车失灵,"E29,H340,",2021-02-22,处理反馈
573466,北京现代,途胜,2015款 1.6T   双离合 两驱 智能型,北京现代途胜变速箱故障跳挡厂家无配件,"B27,N318,",2021-02-22,信息审核
573461,吉利汽车,帝豪GL,2018款 1.4T 自动 尊贵智联型,吉利帝豪GL车门以及后备箱生锈,"H79,",2021-02-22,处理反馈
573459,一汽-大众奥迪,奥迪Q5,2015款 40 TFSI 技术型 5座,一汽大众奥迪Q5防冻液水壶发生开裂,"H168,",2021-02-22,信息审核
573458,东风标致,标致308,2018款 1.6L 自动 豪华版,东风标致308后备箱开合过程中铰链挂钩变形,"H68,I292,",2021-02-22,用户评分
573444,一汽-大众,捷达,2012款 1.6 手动 典藏版,一汽大众捷达全车车身生锈腐烂要求处理,"H79,",2021-02-22,处理反馈
573443,华晨宝马,宝马X1,2020款 sDrive25Li 领先型,华晨宝马X1内饰雨刮器刹车异响安全带未报警,"E43,H164,H60,H118,",2021-02-22,处理反馈
573439,广汽丰田,雷凌,2018款 185T CVT 尊贵版 国VI,广汽丰田雷凌中控台异响底盘前悬挂多处生锈,"H79,H93,",2021-02-22,信息审核
573437,广汽乘用车,传祺GS7,2017款 280T 两驱 豪华型,广汽传祺GS7制动系统故障店内不解决问题,"E269,I295,I281,",2021-02-22,信息审核
573436,东风本田,本田CR-V,2021款 240TURBO CVT 两驱 舒适版,东风本田CR-V出现发动机机油增多,"A339,",2021-02-22,信息审核
573435,上汽大众,途观L,2017款 330TSI 两驱 豪华版,上汽大众途观L变速箱机电单元故障,"B115,",2021-02-22,信息审核
573434,一汽-大众奥迪,奥迪Q5,2017款 Plus 40 TFSI 动感型,一汽大众奥迪Q5节温器漏冷却液,"A37,",2021-02-22,信息审核
573429,吉利汽车,帝豪GL,2018款 1.4T 手动 精英智联型,吉利帝豪GL变速箱轴承损坏出现异响,"B33,B77,",2021-02-22,信息审核
573427,福特（进口）,探险者（进口）,2017款 2.3T 风尚版,进口福特探险者变速箱异响顿挫无法换挡,"B33,B19,B20,",2021-02-22,信息审核
573426,东风日产,逍客,2017款 2.0L CVT 智享版 国VI,东风日产逍客传感器故障加速无力熄火怠速高,"A14,A35,A160,H234,",2021-02-22,信息审核
573424,广汽本田,缤智,2017款 1.8L CVT 两驱 先锋型,广汽本田缤智冷车启动后发动机异响,"A9,",2021-02-21,信息审核
573423,东风标致,标致3008,2015款 1.6THP 自动 潮流版,东风标致3008发动机气门室盖漏油,"A12,",2021-02-21,处理反馈
573420,东风标致,标致408,2016款 1.6T 自动 豪华版,东风标致408发动机动力输出不平稳,"A255,",2021-02-21,处理反馈
573419,东风日产,轩逸,2018款 1.6XE CVT 舒适版,东风日产轩逸变速箱异响要求延长质保,"B33,",2021-02-21,厂家受理
573418,长安铃木,骁途,2017款 1.6L 手动 两驱 都市时尚型,长安铃木骁途低温无法启动厂家不解决问题,"A44,I295,",2021-02-21,信息审核
573417,一汽丰田,卡罗拉,2021款 1.2T S-CVT 精英版,一汽丰田卡罗拉发动机机油有汽油味且增多,"A339,",2021-02-21,信息审核
573416,一汽-大众奥迪,奥迪A4L,2020款 40 TFSI 时尚动感型,一汽大众奥迪A4L冷启动怠速及驻车时抖动,"A24,",2021-02-21,信息审核
573412,华晨宝马,宝马5系,2020款 530Li 领先型 豪华套装,华晨宝马5系方向机异响4S店不予索赔,"D265,I297,",2021-02-21,信息审核
573408,东风悦达起亚,智跑,2018款 2.0L 自动 智享豪华版,东风悦达起亚智跑4S店更换前风挡裂纹漏水,"H109,H113,J303,",2021-02-21,信息审核
573405,广汽本田,缤智,2015款 1.5L CVT 两驱舒适型,广汽本田缤智变速箱漏油 发动机异响,"A9,B22,G204,J299,",2021-02-21,处理反馈
573404,一汽-大众,宝来,2021款 1.5L 自动 舒适智联版,一汽大众宝来蓝牙及USB均无法播放音乐,"H134,",2021-02-21,处理反馈
573402,长城汽车,炮,2019款 2.0T 商用版 手动 两驱 精英型 长箱 GW4D20M 柴油,长城炮发动机涡轮增压器损坏 售后不予质保,"A189,I297,",2021-02-21,厂家受理
573401,上汽大众斯柯达,速派,2016款 TSI280 DSG 创行版,斯柯达速派夏季暴晒后车内异味很大,"H185,",2021-02-21,处理反馈
573400,东风日产,蓝鸟,2018款 1.6L CVT 智酷潮音版,东风日产蓝鸟行驶时忽然失控导致事故,"D57,",2021-02-21,处理反馈
573399,大众（进口）,高尔夫（进口）,2011款 1.4TSI DSG Cross Golf,进口大众高尔夫发动机活塞爆裂 DVD损坏,"A63,A163,H134,H151,",2021-02-21,信息审核
573398,北京奔驰,奔驰E级,2012款 300 L 优雅型,北京奔驰E级车辆碰撞后安全气囊未弹开,"H55,",2021-02-21,信息审核
573397,奇瑞汽车,艾瑞泽5,2020款 1.5L CVT 运动版,奇瑞艾瑞泽5变速箱漏油更换后抖动,"B22,B95,",2021-02-21,处理反馈
573393,陆风汽车,陆风X7,2015款 2.0T 全景尊贵版,陆风X7发动机故障灯亮 变速箱顿挫,"A34,B19,",2021-02-21,信息审核
573389,广汽本田,雅阁,2018款 260TURBO 精英版 国VI,广汽本田雅阁转向及中控台有电流声,"D59,H93,",2021-02-21,处理反馈
573388,东风日产,启辰R50X,2015款 1.6L 手动 豪华版,启辰R50X发动机漏防冻液维修未解决,"A37,",2021-02-21,信息审核
573384,一汽-大众,迈腾,2013款 1.8TSI 领先型,一汽大众迈腾挂挡后车辆无法正常行驶,"B334,",2021-02-21,处理反馈
573383,上汽集团,荣威360,2018款 1.5L 手动 尊享版 PLUS,上汽荣威360行驶时仪表盘有异响 A柱异响,"H15,H202,",2021-02-21,信息审核
573379,长城汽车,炮,2020款 2.0T 商用版 自动 柴油 两驱 精英型 长箱 GW4D20M,长城炮发动机故障灯频繁出现导致车辆限速,"A34,",2021-02-21,厂家受理
573378,广汽菲克Jeep,大指挥官,2020款 2.0T 两驱 精英版,广汽菲克Jeep大指挥官置换补贴一直未兑现,"L313,",2021-02-21,厂家受理
573377,长城汽车,风骏7,2020款 2.0T 柴油 两驱 新冠军版 公务型 小双 4D20M,长城风骏7涡轮增压器渗油4S店不予理赔,"A12,A189,I297,",2021-02-21,厂家受理
573375,江铃福特,全顺,2017款 2.0T 多功能商用车 中轴 中顶 国IV 柴油,江铃福特全顺三元催化器故障导致故障灯亮,"H54,",2021-02-21,信息审核
573373,上汽大众,凌渡,2015款 330TSI DSG 豪华版,上汽大众凌渡车内隔音棉有严重的异味,"H185,",2021-02-21,处理反馈
573371,一汽-大众,探岳,2019款 330TSI 两驱 豪华型 国V,一汽大众探岳多次提示冷却液减少希望处理,"A191,",2021-02-21,处理反馈
573370,领克,领克02,2019款 2.0T 自动 两驱 劲Pro版 国VI 高能版,领克02发动机启动困难影响正常使用,"A44,",2021-02-21,处理反馈
573363,一汽-大众奥迪,奥迪A3,2020款 Sportback 35 TFSI 进取型 国VI,一汽大众奥迪A3自动启停报警 转向失灵导致事故,"D57,H263,",2021-02-21,信息审核
573359,东风标致,标致408,2014款 1.8L 自动 豪华版,东风标致408发动机烧机油 悬挂下支臂异响,"A63,G56,",2021-02-21,处理反馈
573358,一汽-大众捷达,捷达VS5,2019款 280TSI 自动 进取型,捷达VS5原地转向异响 右前减震器颠簸异响,"D59,G52,",2021-02-21,处理反馈
573356,广汽本田,飞度,2014款 1.5L CVT SE时尚型,广汽本田飞度车身生锈希望尽快处理,"H79,",2021-02-21,处理反馈
573354,上汽大众,途观L,2017款 330TSI 两驱 豪华版,上汽大众途观L变速箱机电单元故障,"B115,",2021-02-21,用户评分
573349,一汽-大众,探岳,2019款 330TSI 两驱 豪华型Plus 国VI,一汽大众探岳大灯发白 亮度不足,"H82,",2021-02-21,处理反馈
573348,广汽三菱,欧蓝德,2020款 2.4L 四驱 致享版 5座,广汽三菱欧蓝德方向盘抖动 发动机噪音大,"A38,D80,",2021-02-21,厂家受理
573345,广汽菲克菲亚特,菲翔,2012款 1.4T 自动 劲享版,广汽菲亚特菲翔里程表闪烁无时间显示,"H202,",2021-02-21,厂家受理
573344,长安福特,锐际,2020款 EcoBoost 245 两驱 聪慧悦享款,长安福特锐际停放几天后远程启动无法使用,"H146,H155,",2021-02-21,用户评分
573343,一汽-大众捷达,捷达VS5,2019款 280TSI 自动 进取型,捷达VS5定速巡航异常 右后门密封条老化,"H79,H48,H253,",2021-02-21,处理反馈
573342,上汽通用五菱,宝骏310W,2017款 1.5L 手动 时尚型 国VI,宝骏310W出现交通事故气囊未弹开,"H55,",2021-02-21,处理反馈
573339,长安福特,锐际,2020款 EcoBoost 245 四驱 嘉享款,长安福特锐际左侧行车灯模块损坏,"H64,",2021-02-21,处理反馈
573337,东风日产,逍客,2019款 2.0L CVT 豪华版,东风日产逍客怠速突然升高 故障灯亮,"A34,",2021-02-21,处理反馈
573336,华晨宝马,宝马5系,2021款 525Li M运动套装,华晨宝马5系空调无法制冷存在质量问题,"H101,",2021-02-21,信息审核
573335,北京现代,名图,2016款 1.8L 自动 智能型GLS,北京现代名图主驾驶遮阳板断裂希望厂家处理,"H168,",2021-02-21,信息审核
573333,长安汽车,长安欧尚A600,2016款 1.5L 豪华型 7座,长安欧尚A600漆面起泡 车身锈穿,"H79,H81,",2021-02-21,厂家受理
573332,奇瑞汽车,瑞虎7,2020款 1.5T CVT 豪华型,奇瑞瑞虎7车灯起雾进水希望厂家处理,"H88,H220,",2021-02-21,处理反馈
573331,华晨宝马,宝马X1,2018款 sDrive18Li 尊享型,华晨宝马X1踩刹车时异响希望厂家处理,"E43,",2021-02-21,信息审核
573329,吉利汽车,缤越,2020款 PRO 240T DCT 猎手,吉利缤越4S店贷款购车月供金额有欺诈嫌疑,"K307,",2021-02-21,处理反馈
573327,华晨宝马,宝马X3,2021款 xDrive28i M运动套装,华晨宝马X3热管理模块故障导致冷却液泄漏,"A37,A191,",2021-02-21,信息审核
573325,北京奔驰,奔驰GLC,2021款 GLC 260 L 4MATIC 动感型,北京奔驰GLC发动机启动困难希望换车,"A44,",2021-02-21,信息审核
573324,上汽大众,途观L,2017款 330TSI 两驱 旗舰版,上汽大众途观L变速箱处于紧急运行模式,"B115,",2021-02-21,处理反馈
573322,吉利汽车,缤越,2019款 260T DCT 骑士 国VI,吉利缤越系统提示电源不稳定车机无法显示,"H134,",2021-02-21,用户评分
573312,一汽-大众,速腾,2018款 280TSI DSG熠动版,一汽大众速腾刹车盘异常磨损异响 刹车软,"E43,E269,E47,",2021-02-21,处理反馈
573310,一汽-大众,一汽-大众CC,2021款 330TSI 上市特别版,一汽大众CC新车发动机抱瓦异响抖动,"A9,A24,A328,",2021-02-21,用户评分
573299,东风日产,逍客,2016款 2.0L CVT 精英版,东风日产逍客漆面起泡疑似出售问题车,"H81,M284,",2021-02-21,处理反馈
573298,广汽本田,飞度,2016款 1.5L LXS CVT 舒适天窗版,广汽本田飞度冷车启动有打齿异响,"A9,",2021-02-21,处理反馈
573295,东风日产,奇骏,2019款 2.0L CVT 舒适版 5座 2WD,东风日产奇骏排气管冒黑烟变速箱顿挫,"A114,B19,",2021-02-21,处理反馈
573291,一汽海马,福美来,2017款 1.6L 自动 豪华型,一汽海马福美来发动机异响厂家拒绝质保,"A9,L314,",2021-02-21,信息审核
573290,长安跨越,跨越王X1,2018款 1.2L 标准型 单排 后双轮 加长货箱 LJ469Q-AEB,长安跨越王X1车身高度不一致要求换车,"G204,",2021-02-21,处理反馈
573287,东风雪铁龙,雪铁龙C4L,2013款 1.6THP 自动 劲智版,雪铁龙C4L发动机烧机油 后视镜折叠电机故障,"A63,H211,",2021-02-21,处理反馈
573286,江淮汽车,瑞风S4,2020款 1.5T CVT 超越型,江淮瑞风S4发动机噪音大希望处理,"A38,",2021-02-21,处理反馈
573285,广汽丰田,凯美瑞,2019款 2.0G 豪华版 国VI,广汽丰田凯美瑞底盘生锈 天窗异响,"A12,H79,H89,",2021-02-21,信息审核
573284,东风本田,本田UR-V,2017款 370TURBO 两驱 尊贵版 国V,东风本田UR-V发动机冷启动异响厂家未解决,"A9,",2021-02-21,处理反馈
573281,东风日产,轩逸,2018款 1.6XV CVT 尊享版,东风日产轩逸变速箱顿挫异响希望厂家处理,"B33,B19,",2021-02-21,处理反馈
573280,吉利新能源,嘉际新能源,2019款 1.5TD PHEV 耀享型,吉利嘉际新能源购车时承诺赠送充电桩未兑现,"I293,L313,",2021-02-21,处理反馈
573277,吉利汽车,缤瑞,2018款 14T CVT 缤致版,吉利缤瑞车门生锈4S店使用非原厂配件,"H79,N319,",2021-02-21,处理反馈
573276,一汽-大众奥迪,奥迪Q5,2015款 40 TFSI 舒适型 5座,一汽大众奥迪Q5水泵节温器漏水有缺陷,"A37,",2021-02-21,信息审核
573274,一汽-大众奥迪,奥迪A4L,2020款 40 TFSI 豪华动感型,一汽大众奥迪A4L前大灯内部出现熔化痕迹,"H220,",2021-02-21,信息审核
573272,上汽大众,途观,2016款 280TSI 自动 两驱 丝绸之路风尚版,上汽大众途观底盘异响严重影响驾驶,"G56,",2021-02-21,处理反馈
573270,北京现代,菲斯塔,2019款 280TGDi 智速版 国V,北京现代菲斯塔方向盘异响希望厂家处理,"D59,",2021-02-21,信息审核
573265,东风日产,轩逸,2020款 改款 1.6L XL CVT 悦享版,东风日产轩逸变速箱失速自动熄火,"A14,B246,",2021-02-21,处理反馈
573258,上汽通用五菱,宝骏530,2020款 1.5T CVT 尊贵互联型 6座,宝骏530发动机故障灯亮希望厂家处理问题,"A34,",2021-02-21,处理反馈
573254,东风标致,标致408,2018款 350THP 自动 豪华版,东风标致408发动机抖动希望厂家质保,"A24,A191,",2021-02-21,处理反馈
573250,一汽-大众,探岳,2019款 330TSI 两驱 豪华型 国Ⅵ,一汽大众探岳大灯透镜变白通透性差车灯不亮,"H82,",2021-02-21,处理反馈
573249,长安福特,锐界,2016款 EcoBoost 245 两驱 精锐型,长安福特锐界行驶中右前半轴异响,"G56,",2021-02-21,处理反馈
573248,一汽-大众,宝来,2016款 1.6L 手动 舒适型,一汽大众宝来车内异味严重无法去除,"H185,",2021-02-21,处理反馈
573246,东风日产,奇骏,2014款 2.0L XE CVT 两驱 时尚版,东风日产奇骏变速箱故障车辆无法行驶,"B115,",2021-02-21,处理反馈
573245,长城汽车,哈弗大狗,2021款 1.5T DCT 拉布拉多版,哈弗大狗频繁出现熄火发动机报警,"A14,",2021-02-21,处理反馈
573242,东风本田,本田XR-V,2020款 220 TURBO CVT 豪华版,东风本田XR-V发动机漏油厂家不解决,"A12,",2021-02-21,处理反馈
573241,广汽丰田,YARiS L 致享,2017款 1.5E CVT 魅动版,广汽丰田致享行驶中发动机异响严重,"A9,",2021-02-21,信息审核
573238,陆风汽车,陆风X7,2018款 1.5T 铂金版 劲越,陆风X7右前侧车灯不亮厂家未解决问题,"H82,",2021-02-21,信息审核
573235,东风标致,标致408,2014款 1.8L 自动 豪华版,东风标致408发动机烧机油减震器异响,"A63,G52,",2021-02-21,处理反馈
573234,北京现代,索纳塔,2020款 270TGDi GLS DCT 精英版,北京现代索纳塔发动机漏油存在质量问题,"A12,",2021-02-21,信息审核
573233,广汽本田,雅阁,2018款 260TURBO 精英版 国V,广汽本田雅阁发动机漏油希望厂家处理,"A12,A191,",2021-02-21,处理反馈
573230,上汽集团,荣威950,2012款 2.0L 舒适版,上汽荣威950车内隔音棉有明显异味,"H185,",2021-02-21,用户评分
573229,上汽大众斯柯达,柯珞克,2019款 TSI280 智行豪华版 国V,斯柯达柯珞克购车置换补贴没有兑现,"L313,",2021-02-21,处理反馈
573228,广汽丰田,凯美瑞,2015款 2.0G 自动 领先版,广汽丰田凯美瑞驱动半轴胶套漏油,"G51,",2021-02-21,信息审核
573226,广汽本田,缤智,2015款 1.5L CVT 两驱舒适型,广汽本田缤智启动时发动机异响严重,"A9,",2021-02-21,处理反馈
573225,一汽-大众捷达,捷达VS5,2019款 280TSI 自动 悦享型,一汽大众捷达VS5中控仪表盘存在有异响,"H93,",2021-02-21,处理反馈
573216,吉利汽车,帝豪GL,2018款 1.4T 自动 精英智联型,吉利帝豪GL左后门下方车漆鼓包生锈,"H79,",2021-02-21,处理反馈
573214,江淮汽车,瑞风S2,2015款 1.5L CVT 豪华智能型,江淮瑞风S2方向盘卡滞行驶中有异响,"D123,",2021-02-21,用户评分
573213,长安马自达,马自达3 昂克赛拉,2016款 1.5L 自动 豪华型 三厢,长安马自达昂克赛拉中控屏幕开裂,"H134,",2021-02-21,用户评分
573208,上汽大众,途观L,2019款 330TSI 自动 两驱 智动豪华版 国V,上汽大众途观L保养时发现发动机漏油,"A12,",2021-02-21,处理反馈
573207,上汽大众,帕萨特新能源,2019款 430PHEV 混动 豪华版,上汽大众帕萨特新能源变速箱机电单元故障,"B115,",2021-02-21,处理反馈
573203,一汽-大众,速腾,2021款 280TSI DSG 豪华智联版,一汽大众速腾发动机异响售后未解决问题,"A9,",2021-02-21,处理反馈
573199,一汽-大众,迈腾,2017款 330TSI DSG 豪华型,一汽大众迈腾变速箱处于紧急运行模式,"B96,B84,",2021-02-21,处理反馈
573198,长安汽车,长安UNI-T,2020款 1.5T 尊贵型,长安UNI-T刹车异响希望厂家处理问题,"E43,",2021-02-21,处理反馈
573193,比亚迪,比亚迪S2,2019款 创·豪华型,比亚迪S2全车断电存在质量问题,"H343,",2021-02-21,处理反馈
573190,一汽-大众,迈腾,2017款 330TSI DSG 豪华型,一汽大众迈腾变速箱电脑板故障挡位丢失,"B115,",2021-02-21,处理反馈
573189,一汽-大众,探岳,2019款 330TSI 两驱 豪华型 国Ⅵ,一汽大众探岳发动机异响 启停系统故障,"A9,H169,H263,",2021-02-21,处理反馈
573188,东风日产,启辰T70,2018款 2.0L CVT 睿趣版,东风启辰T70因电路问题着火自燃,"H40,",2021-02-21,处理反馈
573184,北京现代,北京现代ix25,2020款 1.5L CVT 尊贵型,北京现代ix25新车出现2次电瓶亏电,"H146,",2021-02-21,信息审核
573181,华晨中华,中华V3,2016款 1.5L 手动 精英型,华晨中华V3 ABS泵损坏厂家无配件,"E74,N318,",2021-02-21,信息审核
573179,长安汽车,长安CS95,2017款 2.0T 两驱 智远版,长安CS95车机系统出现故障自动重启,"H155,",2021-02-21,处理反馈
573173,一汽丰田,亚洲龙,2019款 双擎 2.5L XLE 尊贵版 国Ⅵ,一汽丰田亚洲龙机油乳化增多存在质量问题,"A339,A13,",2021-02-21,信息审核
573172,一汽-大众,迈腾,2017款 330TSI DSG 领先型,一汽大众迈腾变速箱无奇数挡存在质量问题,"B20,B84,",2021-02-21,用户评分
573171,一汽丰田,RAV4荣放,2016款 2.0L CVT 两驱 风尚版 国V,一汽丰田RAV4荣放后尾灯灯罩开裂进水,"H88,H220,I295,",2021-02-21,信息审核
573165,长安福特,翼虎,2017款 EcoBoost 180 两驱 精翼型,长安福特翼虎车内异味希望厂家处理问题,"H185,",2021-02-21,处理反馈
573163,上汽大众,途观L,2019款 330TSI 自动 两驱 全景舒适版 国VI,上汽大众途观L变速箱异响希望尽快处理,"B33,",2021-02-20,处理反馈
573161,北京现代,菲斯塔,2019款 280TGDi 运动版 国VI,北京现代菲斯塔保养记录未上传影响质保,"J299,",2021-02-20,信息审核
573157,一汽-大众,宝来,2016款 1.6L 手动 舒适型,一汽大众宝来车身生锈刹车与方向机异响,"D59,E43,H79,",2021-02-20,处理反馈
573151,吉利汽车,嘉际,2021款 1.8TD DCT 豪华型,吉利嘉际经销商承诺提供旅游基金未兑现,"L313,",2021-02-20,处理反馈
573150,东风日产,天籁,2021款 2.0L XL 舒适版,东风日产天籁前挡玻璃有裂痕希望厂家处理,"H113,",2021-02-20,处理反馈
573146,上汽大众,途观L,2017款 380TSI 四驱 旗舰版,上汽大众途观L变速箱处于紧急运行模式,"B19,B96,",2021-02-20,处理反馈
573145,一汽丰田,卡罗拉,2021款 1.2T S-CVT 先锋版,一汽丰田卡罗拉变速箱顿挫异响严重,"B33,B19,",2021-02-20,信息审核
573143,海马汽车,海马S5,2018款 1.5T CVT 旗舰型,海马S5中控黑屏360倒车影像有误差,"H134,",2021-02-20,信息审核
573138,北京现代,领动,2018款 1.4T 双离合 炫动·活力型,北京现代领动更换转向柱后异响未能解决,"D59,",2021-02-20,信息审核
573137,东风本田,艾力绅,2019款 2.0L 混动至尊版,东风本田艾力绅行驶中深踩油门排放报警,"A34,",2021-02-20,处理反馈
573134,长安福特,翼虎,2015款 1.5L GTDi 两驱风尚型 5座,长安福特翼虎左后轮下摆臂生锈断裂,"G210,",2021-02-20,处理反馈
573133,一汽丰田,亚洲龙,2019款 双擎 2.5L XLE 尊贵版 国Ⅵ,一汽丰田亚洲龙机油增多无法解决,"A339,",2021-02-20,信息审核
573132,长安福特,蒙迪欧,2018款 EcoBoost 200 时尚型,长安福特蒙迪欧发票时间提前导致脱保,"I281,O353,",2021-02-20,处理反馈
573130,一汽-大众,探岳,2020款 330TSI 两驱 豪华智联版,一汽大众探岳颗粒捕捉器堵塞油耗增加,"A85,A114,",2021-02-20,处理反馈
573129,北京越野,北京BJ20,2018款 1.5T CVT 豪华型,北京BJ20右门车漆脱落 左后门开启异响,"H81,H72,",2021-02-20,处理反馈
573128,吉利汽车,远景X6,2020款 1.4T CVT 尊贵型,吉利远景X6转向异响 车漆开裂 胎压报警,"D59,H81,H203,",2021-02-20,处理反馈
573127,长安马自达,马自达3 昂克赛拉,2020款 2.0L 自动 质雅版,长安马自达昂克赛拉行驶中后悬挂异响,"G56,G204,",2021-02-20,用户评分
573118,一汽-大众,速腾,2014款 1.6L 自动 舒适型 改款,一汽大众速腾车灯老化脱落存在质量问题,"H220,",2021-02-20,处理反馈
573117,东风日产,天籁,2020款 2.0L XL 舒适版,东风日产天籁更换发动机后容易熄火,"A14,",2021-02-20,处理反馈
573114,广汽本田,飞度,2006款 飞度 1.5 CVT,广汽本田飞度变速箱D挡失灵出现窜车现象,"B246,",2021-02-20,处理反馈
573111,奇瑞汽车,艾瑞泽5,2016款 1.5L 手动 领跑版,奇瑞艾瑞泽5全车多处生锈无法解决,"H79,",2021-02-20,处理反馈
573110,广汽乘用车,传祺GS5 Super,2016款 1.8T 自动 四驱 豪华导航版,广汽传祺GS5 Super车顶大面积掉漆,"H81,",2021-02-20,用户评分
573109,东风日产,逍客,2019款 2.0L CVT 智享版,东风日产逍客发动机故障4S店反复消除故障码,"A34,",2021-02-20,处理反馈
573107,广汽丰田,雷凌,2021款 双擎 1.8H E-CVT 运动版,广汽丰田雷凌中控台主驾驶一侧下饰板开裂,"H168,",2021-02-20,信息审核
573103,一汽丰田,RAV4荣放,2020款 2.0L CVT 四驱 风尚版,一汽丰田RAV4荣放主副驾驶车窗晃动异响,"H72,",2021-02-20,信息审核
573091,上汽大通,上汽大通MAXUS G50,2021款 1.5T 自动 尊享版,上汽大通MAXUS G50关闭ESP后变速箱抖动,"B95,",2021-02-20,处理反馈
573089,一汽红旗,红旗H5,2020款 1.5T DCT 旗韵版,一汽红旗H5优科豪马轮胎未受外力出现鼓包,"F39,",2021-02-20,信息审核
573088,长城汽车,哈弗H2s,2017款 1.5T 自动 精英型 红标,哈弗H2s胎压监测传感器故障4S店无配件,"H203,N318,",2021-02-20,处理反馈
573087,吉利汽车,帝豪GL,2019款 1.4T CVT 精英智享版,吉利帝豪GL前风挡玻璃密封条翘起,"H48,",2021-02-20,处理反馈
573083,奇瑞汽车,瑞虎8,2020款 290TGDI 自动 精英版,奇瑞瑞虎8内饰异响一直未得到解决,"H164,",2021-02-20,处理反馈
573081,东风悦达起亚,智跑,2019款 2.0L 自动 智享豪华版,东风悦达起亚智跑发动机异响拉缸,"A9,A329,",2021-02-20,厂家受理
573075,吉利新能源,帝豪新能源,2016款 EV 精英型 三厢,吉利帝豪新能源空调暖风加热器损坏,"H101,",2021-02-20,处理反馈
573074,一汽-大众奥迪,奥迪Q3,2018款 30 TFSI 标准型 30周年年型,一汽大众奥迪Q3转向异响希望尽快处理,"D59,",2021-02-20,信息审核
573073,一汽-大众奥迪,奥迪Q5,2017款 2.0T 40 TFSI 技术型,一汽大众奥迪Q5刹车异响一直未解决,"E43,I295,",2021-02-20,信息审核
573072,长安马自达,马自达3 昂克赛拉,2020款 2.0L 自动 质炫版,长安马自达昂克赛拉中控屏幕自动重启,"H134,J298,",2021-02-20,处理反馈
573066,领克,领克01,2019款 2.0T 两驱型 Pro版 国VI,领克01启动时发动机异响4S店无法解决,"A9,",2021-02-20,处理反馈
573065,一汽丰田,RAV4荣放,2020款 2.0L CVT 两驱 风尚版,一汽丰田RAV4荣放行驶中前排车窗玻璃异响,"H72,",2021-02-20,信息审核
573064,吉利汽车,缤越,2019款 260T DCT 游侠 运动款 国V,吉利缤越4S店安装挡泥板操作流程不规范,"J299,",2021-02-20,处理反馈
573062,上汽集团,荣威360,2018款 1.5L 手动 豪华版 PLUS,上汽荣威360发动机故障无法启动要求解决,"A44,I297,",2021-02-20,处理反馈
573060,吉利汽车,帝豪GS,2019款 1.4T CVT 雅,吉利帝豪GS变速箱异响转向异响车机卡顿,"B33,D59,H134,",2021-02-20,处理反馈
573059,东风雪铁龙,天逸 C5 AIRCROSS,2020款 400THP 旗舰型,东风雪铁龙天逸C5 AIRCROSS发动机缺缸,"A24,A34,",2021-02-20,处理反馈
573057,一汽-大众奥迪,奥迪Q3,2017款 35 TFSI 时尚型,一汽大众奥迪Q3变速箱机电单元损坏故障灯亮,"B96,B84,",2021-02-20,信息审核
573054,一汽-大众,高尔夫,2016款 1.4TSI 自动 R-Line,一汽大众高尔夫变速箱机电单元损坏,"B115,",2021-02-20,用户评分
573053,吉利汽车,远景X6,2016款 1.8L 手动 豪华型,吉利远景X6油箱口与十字轴生锈 密封条脱落,"H79,H48,",2021-02-20,处理反馈
573052,一汽-大众,迈腾,2020款 330TSI DSG 领先型,一汽大众迈腾变速箱机电控制单元故障,"B84,B115,",2021-02-20,处理反馈
573051,一汽奔腾,奔腾B70,2021款 1.5T 自动 尊享型,一汽奔腾B70电子挡把同款不同配置望解决,"H264,",2021-02-20,处理反馈
573050,一汽-大众奥迪,奥迪Q3,2015款 35 TFSI 舒适型,一汽大众奥迪Q3日间行灯出现发黄现象,"H82,",2021-02-20,信息审核
573048,华晨宝马,宝马X1,2014款 sDrive18i 运动设计套装 5座,华晨宝马X1转向助力失效导致打方向沉重,"D156,D57,",2021-02-20,信息审核
573047,零跑汽车,零跑S01,2020款 460 标准版,零跑S01续航能力充电时间相差很大,"M284,",2021-02-20,信息审核
573044,BEIJING汽车,绅宝D50,2019款 1.5L CVT 豪华版 国V,绅宝D50经销商更换变速箱油后出现异响,"B33,J300,",2021-02-20,用户评分
573039,东风乘用车,奕炫GS,2020款 230T 自动 越酷版,东风风神奕炫GS右前侧半轴出现漏油的现象,"G51,",2021-02-20,处理反馈
573038,东南汽车,东南DX3,2017款 1.5T 手动 旗舰型,东南DX3车辆行驶时转向异响严重,"D59,",2021-02-20,处理反馈
573037,一汽-大众,速腾,2018款 280TSI DSG熠动版,一汽大众速腾高压泵异响厂家不予解决,"A9,",2021-02-20,处理反馈
573035,上汽大众斯柯达,昕锐,2018款 1.6L 手动 舒适版,斯柯达昕锐变速箱漏油行驶时变速箱有异响,"B33,B22,",2021-02-20,处理反馈
573034,东风本田,本田UR-V,2020款 370TURBO 四驱 尊享版,东风本田UR-V发动机变速箱连接处渗油,"B22,",2021-02-20,处理反馈
573033,吉利汽车,帝豪GS,2018款 1.4T 手动 运动版 领尚型,吉利帝豪GS离合器不回弹导致无法挂挡,"C267,",2021-02-20,处理反馈
573032,吉利汽车,远景X6,2020款 1.4T 手动 尊贵型,吉利远景X6车门中控风挡玻璃后备箱异响,"H15,H72,H93,H164,",2021-02-20,处理反馈
573030,一汽-大众,探岳,2019款 330TSI 两驱 豪华型 国Ⅵ,一汽大众探岳后排座椅异响 中控台异响,"H93,H169,",2021-02-20,处理反馈
573028,广汽丰田,凯美瑞,2008款 240G 2.4 自动 NAVI 豪华导航版,广汽丰田凯美瑞仪表台老化影响驾驶安全,"H176,",2021-02-20,信息审核
573027,广汽本田,凌派,2019款 180Turbo CVT 豪华版 国VI,广汽本田凌派涡轮增压器故障变速箱漏油,"A189,B22,",2021-02-20,处理反馈
573025,上汽大众,途观,2017款 300TSI 自动 两驱 丝绸之路舒适版,上汽大众途观底盘异响 喷油嘴漏油,"A53,G56,",2021-02-20,处理反馈
573023,广汽本田,飞度,2016款 1.5L LX CVT 舒适型,广汽本田飞度冷车启动时发动机出现打齿声,"A9,",2021-02-20,处理反馈
573020,上汽集团,名爵3,2013款 1.3L 手动 舒适版,上汽名爵3发动机异响 正时链条拉长,"A45,",2021-02-20,用户评分
573019,一汽-大众,速腾,2019款 280TSI DSG 舒适型 国VI,一汽大众速腾发动机烧机油希望厂家解决,"A63,",2021-02-20,处理反馈
573016,一汽-大众,探岳,2019款 330TSI 两驱 豪华型 国Ⅵ,一汽大众探岳大灯发白夜晚亮度不足,"H82,",2021-02-20,处理反馈
573015,东风本田,本田UR-V,2020款 370TURBO 两驱 尊雅版,东风本田UR-V低速松开刹车踏板有明显异响,"E43,",2021-02-20,处理反馈
573014,江淮汽车,瑞风S2,2016款 1.5L CVT 豪华型 双色版,江淮瑞风S2 TCU电脑模块故障报警,"B96,H170,I295,",2021-02-20,处理反馈
573013,华晨宝马,宝马3系,2021款 320Li M运动套装,华晨宝马3系新车行驶中转向灯不亮,"H82,",2021-02-20,信息审核
573012,奇瑞汽车,捷途X70 PLUS,2021款 1.5T 手动 林 7座,捷途X70 PLUS行驶时中控异响严重,"H93,",2021-02-20,用户评分
573011,广汽菲克Jeep,自由侠,2018款 互联大屏版 180TS 自动 高能版,广汽菲克Jeep自由侠车身抖动严重,"H268,",2021-02-20,厂家受理
573010,长安福特,蒙迪欧,2013款 1.5T 自动 GTDi180时尚型,长安福特蒙迪欧发动机节气门处存在大量机油,"A12,",2021-02-20,处理反馈
573009,海马汽车,海马8S,2019款 1.6TGDI 自动 潮版,海马8S厂家合伙人得奖励金活动未兑现,"L313,",2021-02-20,信息审核
573005,长安福特,翼虎,2018款 EcoBoost 180 两驱 豪翼型 改款,长安福特翼虎固特异轮胎起皮要求处理,"F186,",2021-02-20,处理反馈
573004,一汽-大众,探岳,2020款 330TSI 两驱 豪华智联版,一汽大众探岳漆面脱落颗粒捕捉器堵塞,"A114,H81,",2021-02-20,处理反馈
572999,上汽大众,途观,2016款 300TSI 自动 四驱 豪华版,上汽大众途观四驱耦合器有异响和抖动,"H86,",2021-02-20,处理反馈
572998,上汽大众,途安,2018款 途安L 280TSI 自动 豪华版 7座,上汽大众途安变速器和转向异响4S店无法处理,"B33,D59,",2021-02-20,处理反馈
572997,江铃汽车,域虎7,2020款 2.0T 柴油 手动 四驱 舒享版 长轴 国VI JX4D20A6L,江铃域虎7前桥漏油希望尽快处理问题,"G51,",2021-02-20,信息审核
572994,长安福特,蒙迪欧,2013款 1.5T 自动 GTDi180时尚型,长安福特蒙迪欧进气管有机油 油箱无法加满,"A12,H271,",2021-02-20,用户评分
572993,北京奔驰,奔驰GLK,2014款 200 标准型 5座,北京奔驰GLK凸轮轴限位器磨损发动机报警,"A129,H234,",2021-02-20,信息审核
572991,广汽本田,飞度,2014款 1.5L CVT LX舒适型,广汽本田飞度发动机启动困难要求解决,"A44,",2021-02-20,处理反馈
572990,东风日产,奇骏,2014款 2.0L XL CVT 两驱 舒适版,东风日产奇骏变速箱电磁阀故障无法行驶,"B33,B115,",2021-02-20,处理反馈
572988,东风标致,标致308,2013款 1.6L 自动 风尚型,东风标致308方向盘晃动存在质量问题,"D80,D337,",2021-02-20,处理反馈
572985,一汽-大众奥迪,奥迪A4L,2019款 45 TFSI quattro 个性运动版 国VI,一汽大众奥迪A4L方向机故障 售后不予索赔,"D265,I297,",2021-02-20,信息审核
572984,一汽丰田,卡罗拉,2021款 1.2T S-CVT 豪华版,一汽丰田卡罗拉车机导航版本老旧,"H21,",2021-02-20,信息审核
572983,东风标致,标致408,2015款 1.2T 自动 豪华版,东风标致408更换正时皮带后烧机油严重,"A63,",2021-02-20,处理反馈
572982,一汽-大众奥迪,奥迪A4L,2020款 40 TFSI quattro 豪华动感型,一汽大众奥迪A4L油箱位置异响 中控屏异响,"H268,H93,H147,",2021-02-20,信息审核
572978,东风本田,艾力绅,2016款 2.4L 豪华版,东风本田艾力绅轻微转动方向出现异响,"D59,",2021-02-20,处理反馈
572975,东风本田,本田CR-V,2019款 240TURBO CVT 两驱 风尚版 国VI,东风本田CR-V发动机机油增多要求退车,"A339,",2021-02-20,处理反馈
572974,零跑汽车,零跑T03,2020款 400 豪华版,零跑T03涉及虚假宣传辅助驾驶功能缺失,"M279,",2021-02-20,信息审核
572968,一汽-大众奥迪,奥迪Q3,2017款 30 TFSI 时尚型,一汽大众奥迪Q3刹车盘异常磨损吃胎偏磨,"E239,G245,",2021-02-20,信息审核
572967,长安汽车,逸动XT,2018款 1.6L GDI 自动 风潮型 国V,长安逸动XT发动机盖以及车门多处生锈,"H79,",2021-02-20,处理反馈
572964,福田,时代微卡,小卡之星,福田时代微卡排气管冒蓝烟多次维修未解决 ,"A114,",2021-02-20,信息审核
572962,东风日产,奇骏,2015款 2.0L CVT 舒适MAX版 2WD,东风日产奇骏变速箱故障无法行驶,"B115,",2021-02-20,处理反馈
572961,一汽-大众,迈腾,2018款 330TSI 尊贵型,一汽大众迈腾变速箱机电单元故障,"B115,",2021-02-20,用户评分
572959,上汽大众斯柯达,速派,2016款 TSI280 DSG 创行版,斯柯达速派变速箱故障报警 换挡机构故障,"B96,",2021-02-20,处理反馈
572958,长安汽车,逸动XT,2018款 1.6L GDI 自动 风潮型 国V,长安逸动XT行驶时发动机异响噪音大,"A9,A38,",2021-02-20,用户评分
572956,北京现代,途胜,2018款 1.6T 双离合 两驱 15周年特别版,北京现代途胜中控屏故障厂家一直无货,"N318,",2021-02-20,信息审核
572954,一汽丰田,RAV4荣放,2020款 2.5L CVT 两驱 精英版 双擎,一汽丰田RAV4荣放发动机舱进泥沙 车身异响,"H15,Q322,",2021-02-20,信息审核
572952,奔驰（进口）,奔驰GLC（进口）,2020款 GLC 260 4MATIC 轿跑SUV,进口奔驰GLC眼镜盒开关损坏4S店过度维修,"H168,J306,",2021-02-20,信息审核
572951,一汽丰田,RAV4荣放,2016款 2.0L CVT 两驱 智尚版 国V,一汽丰田RAV4荣放前雾灯不亮希望给予解决,"H82,",2021-02-20,信息审核
572946,东风标致,标致408,2016款 1.6T 自动 豪华版,东风标致408发动机故障报警4S店未解决,"A34,A255,",2021-02-20,处理反馈
572942,一汽-大众,速腾,2021款 280TSI DSG 豪华智联版,一汽大众速腾没有坡道辅助功能与宣传不符,"M279,",2021-02-20,用户评分
572940,长城汽车,欧拉黑猫,2021款 301km 基础型,欧拉黑猫升级后无法使用充电桩预约充电,"O348,",2021-02-20,处理反馈
572939,东风标致,标致408,2015款 1.2T 自动 豪华版,标致408更换正时皮带后发动机抖动烧机油,"A24,A63,",2021-02-20,处理反馈
572937,一汽-大众,迈腾,2019款 330TSI DSG 豪华型 国V,一汽大众迈腾加速无力 变速箱异响顿挫,"B33,B19,B334,I295,",2021-02-20,处理反馈
572936,东风日产,轩逸,2012款 1.6L XE 自动 舒适版 经典,东风日产轩逸发动机异响售后收费不透明,"A9,K308,",2021-02-20,处理反馈
572935,东风本田,INSPIRE,2019款 锐·混动 2.0L 净雅版 国VI,东风本田INSPIRE发动机渗油要求解决,"A12,",2021-02-20,处理反馈
572934,上汽大众,途观L,2017款 330TSI 两驱 旗舰版,上汽大众途观L变速箱机电控制单元故障,"B96,B115,",2021-02-20,处理反馈
572933,广汽乘用车,传祺GS5,2019款 270T 自动 豪华版,广汽传祺GS5导航信号中断无法恢复连接,"E43,H21,H149,",2021-02-20,处理反馈
572932,一汽-大众,捷达,2017款 1.4L 手动 舒适型,一汽大众捷达变速箱冬天异响严重,"B33,",2021-02-20,处理反馈
572929,宝马（进口）,宝马X6,2020款 xDrive40i M运动套装,进口宝马X6更换机油泵后发动机异响,"A9,J300,",2021-02-20,信息审核
572925,上汽大众,途岳,2021款 280TSI 两驱 风尚版,上汽大众途岳收取金融服务费 刹车失灵,"E29,K307,",2021-02-20,处理反馈
572924,一汽-大众,探岳,2020款 330TSI 两驱 豪华智联版,一汽大众探岳颗粒捕捉器堵塞发动机油耗高,"A85,A114,",2021-02-20,处理反馈
572923,广汽丰田,雷凌,2019款 双擎 1.8H CVT 豪华版 国V,广汽丰田雷凌行驶时变速箱异响,"B33,",2021-02-20,信息审核
572921,一汽-大众奥迪,奥迪Q3,2019款 35 TFSI 进取动感型,一汽大众奥迪Q3邓禄普轮胎有裂痕存在质量问题,"F100,",2021-02-20,信息审核
572914,吉利汽车,帝豪GL,2018款 1.8L 手动 精英智联型,吉利帝豪GL转向沉重异响希望厂家处理,"D59,D156,",2021-02-20,用户评分
572912,吉利汽车,缤瑞,2018款 200T DCT 缤耀版,吉利缤瑞更换非原厂配件无维修记录,"J299,N319,",2021-02-20,处理反馈
572909,广汽丰田,凯美瑞,2015款 2.0G 自动 领先版,广汽丰田凯美瑞方向机故障时车辆跑偏,"D265,",2021-02-20,信息审核
572907,一汽-大众,速腾,2017款 230TSI 自动 舒适型,一汽大众速腾车内有刺鼻的异味越来越严重,"H185,",2021-02-20,处理反馈
572905,一汽丰田,亚洲龙,2019款 2.5L 进取版 国Ⅵ,一汽丰田亚洲龙低速刹车异响有口哨声,"E43,",2021-02-20,信息审核
572899,广汽丰田,雷凌,2021款 185T CVT 豪华版,广汽丰田雷凌变速箱低速抖动顿挫,"B19,B95,",2021-02-20,信息审核
572897,广汽本田,雅阁,2018款 260TURBO 精英版 国VI,广汽本田雅阁行驶时打方向沉重车辆跑偏,"D156,G117,",2021-02-20,处理反馈
572896,吉利汽车,缤越,2020款 PRO 240T 手动 射手,吉利缤越发动机故障灯亮油门没有反应,"A34,A160,",2021-02-20,用户评分
572895,东风本田,本田CR-V,2021款 锐·混动 2.0L 两驱 净速版,东风本田CR-V方向盘失灵无法回正,"D123,D57,",2021-02-20,信息审核
572893,一汽-大众,探岳,2019款 330TSI 两驱 尊贵型 国Ⅵ,一汽大众探岳车辆异响抖动4S店查不出原因,"H15,H268,",2021-02-20,用户评分
572890,奇瑞汽车,瑞虎8,2020款 290TGDI 自动 精英版 大六座,奇瑞瑞虎8事故维修4S店私自喷漆欺骗消费者,"I293,O305,",2021-02-19,处理反馈
572888,知豆电动车,知豆D2,2018款 D2 乐享版,知豆D2刹车失灵真空泵异响经销商无配件,"E29,E196,N318,",2021-02-19,厂家受理
572887,一汽丰田,锐志,2007款 2.5V 导航版 新锐志REIZ,一汽丰田锐志中控仪表台出现开裂老化,"H176,",2021-02-19,信息审核
572886,长安马自达,马自达3 昂克赛拉,2016款 2.0L 自动 运动型 三厢,长安马自达昂克赛拉导航屏幕开裂 尾灯进水,"H134,H81,H88,",2021-02-19,处理反馈
572884,上汽大众斯柯达,速派,2019款 TSI280 DSG 舒适版,斯柯达速派天窗中控尾箱异响 车门异响,"H15,H72,H93,H89,",2021-02-19,处理反馈
572880,东风日产,逍客,2021款 2.0L CVT 豪华版,东风日产逍客左后门内侧无法开启车门,"H149,",2021-02-19,处理反馈
572877,一汽-大众,高尔夫·嘉旅,2016款 1.6L 自动 舒适型,一汽大众高尔夫嘉旅变速箱故障灯亮,"B96,B184,",2021-02-19,处理反馈
572876,一汽-大众,迈腾,2017款 330TSI DSG 豪华型,一汽大众迈腾钥匙电池使用寿命不达标,"H119,",2021-02-19,处理反馈
572875,长安汽车,欧力威,2013款 1.4 手动 劲享型,长安欧力威玻璃升降器故障 方向机质量差,"N317,",2021-02-19,处理反馈
572873,广汽菲克Jeep,大指挥官PHEV,2020款 2.0T 插电混动 领先版,广汽菲克Jeep大指挥官PHEV发动机水泵损坏,"A191,H340,",2021-02-19,厂家受理
572872,广汽本田,雅阁,2016款 2.0L CVT  舒适版,广汽本田雅阁右半轴支承轴承处有渗油的现象,"G51,H101,",2021-02-19,处理反馈
572871,广汽本田,皓影,2020款 240TURBO CVT 两驱 豪华版,广汽本田皓影机油增多高速行驶ACC功能失效,"A339,H253,",2021-02-19,处理反馈
572870,一汽-大众,探岳,2019款 380TSI 四驱 R-Line 国V,一汽大众探岳大灯发白亮度低影响夜间照明,"H82,",2021-02-19,用户评分
572869,长安福特,锐际,2020款 EcoBoost 245 四驱 纵享款 ST-LINE,长安福特锐际方向盘有异响 右后刹车异响,"D59,E43,",2021-02-19,处理反馈
572866,上汽大众,途观,2016款 300TSI 自动 四驱 风尚视野版,上汽大众途观耦合器异响希望召回处理,"G127,",2021-02-19,处理反馈
572864,华晨宝马,宝马1系,2020款 120i 时尚型,华晨宝马1系正常行驶中发动机故障灯亮,"A34,",2021-02-19,信息审核
572863,东南汽车,东南DX3,2018款 1.5L 手动 豪华型,东南DX3新车打方向盘时转向机有异响,"D59,",2021-02-19,处理反馈
572861,东风日产,逍客,2016款 2.0L CVT 精英版,东风日产逍客变速箱故障灯亮起步困难,"B96,B334,",2021-02-19,处理反馈
572849,奇瑞汽车,艾瑞泽5,2016款 1.5L 手动 领锐版,奇瑞艾瑞泽5车身两侧严重腐蚀生锈,"H79,",2021-02-19,处理反馈
572848,北京现代,名图,2014款 1.8L 自动 智能型,北京现代名图发动机异响希望厂家处理,"A9,",2021-02-19,处理反馈
572846,北京奔驰,奔驰E级,2019款 E 320 L 4MATIC,北京奔驰E级倍耐力轮胎爆胎厂家拒赔,"F130,I297,",2021-02-19,处理反馈
572842,东风标致,标致408,2015款 1.2T 自动 豪华版,东风标致408发动机抖动异响烧机油,"A9,A24,A63,",2021-02-19,处理反馈
572841,一汽-大众,速腾,2018款 1.6L 自动 舒适型,一汽大众速腾踩油门异响希望厂家处理,"A9,",2021-02-19,处理反馈
572840,吉利汽车,嘉际,2019款 1.5TD MHEV DCT 臻享型,吉利嘉际购车旅游基金承诺一直没有兑现,"L313,",2021-02-19,用户评分
572839,奇瑞汽车,瑞虎5,2016款 1.5T 手动 家悦信赖版,奇瑞瑞虎5发动机涡轮增压器有异响,"A9,A85,",2021-02-19,处理反馈
572835,一汽-大众奥迪,奥迪A4L,2019款 40 TFSI 时尚型 国V,一汽大众奥迪A4L天窗发动机车内刹车异响,"A9,E43,H164,H89,",2021-02-19,信息审核
572834,上汽大众,途观L,2017款 330TSI 两驱 豪华版,上汽大众途观L变速箱机电单元故障,"B115,",2021-02-19,处理反馈
572830,上汽大众,途观L,2021款 330TSI 自动 两驱 R-Line越享版,大众途观L自动启停失效店内人员修出新问题,"A114,H263,J300,",2021-02-19,用户评分
572824,东风日产,奇骏,2017款 2.0L CVT 舒适版 5座 2WD,东风日产奇骏变速箱顿挫 全车抖动,"B19,B95,",2021-02-19,处理反馈
572822,一汽-大众,探岳,2020款 330TSI 两驱 豪华智联版,一汽大众探岳发动机舱内有异响,"A9,",2021-02-19,处理反馈
572821,广汽本田,冠道,2020款 370TURBO 四驱 尊享版,广汽本田冠道购车时承诺保养劵未兑现,"L313,",2021-02-19,用户评分
572819,长安福特,蒙迪欧新能源,2018款 2.0 PHEV 智控时尚型 国VI,长安福特蒙迪欧新能源驾驶位雨刮器异响,"H60,",2021-02-19,处理反馈
572815,一汽-大众,迈腾,2019款 280TSI DSG 领先型 国VI,一汽大众迈腾发动机严重烧机油希望厂家处理,"A63,",2021-02-19,用户评分
572813,上汽大众,途观L,2017款 330TSI 两驱 豪华版,上汽大众途观L变速箱处于紧急运行模式,"B84,",2021-02-19,用户评分
572812,一汽-大众奥迪,奥迪A4L,2018款 2.0T 时尚型 30周年年型,一汽大众奥迪A4L变速箱异响店内一直不解决,"B33,I295,I282,",2021-02-19,信息审核
572810,广汽丰田,雷凌,2017款 185T CVT 精英版 国V 改款,广汽丰田雷凌后减震器有漏油现象,"G25,",2021-02-19,信息审核
572805,东风标致,标致207,2011款 1.4 手动 品乐版 两厢,东风标致207后桥倾斜行驶中有异响,"G158,G83,",2021-02-19,处理反馈
572803,奇瑞汽车,瑞虎8,2020款 290TGDI 自动 精英版,奇瑞瑞虎8右后轮胎压频繁报警希望处理,"H203,",2021-02-19,处理反馈
572802,一汽-大众,探岳,2019款 330TSI 两驱 豪华型 国V,大众探岳车灯不亮 减震器异响 变速箱异响,"B33,G52,H82,",2021-02-19,处理反馈
572801,长安汽车,长安CS55,2017款 1.5T 手动 炫色型,长安CS55发动机加速异响希望尽快处理,"A9,",2021-02-19,处理反馈
572800,广汽丰田,雷凌,2017款 1.8H GS CVT 精英天窗版 国V 改款 双擎,广汽丰田雷凌加装中控屏故障 无法换挡,"B20,H134,",2021-02-19,信息审核
572799,长安汽车,长安CS55 PLUS,2021款 蓝鲸版 1.5T DCT 豪华型,长安CS55 PLUS变速箱无法挂挡 无法加速,"B20,B334,",2021-02-19,用户评分
572797,北京奔驰,奔驰GLB,2020款 GLB 200 时尚型,奔驰GLB发动机提速持续出现异响,"A9,",2021-02-19,信息审核
572795,一汽丰田,卡罗拉,2018款 1.2T S-CVT GL智享版,一汽丰田卡罗拉发动机怠速不稳希望处理,"A34,A35,",2021-02-19,信息审核
572790,一汽-大众,探岳,2019款 330TSI 两驱 豪华型 国Ⅵ,一汽大众探岳大灯透镜模糊影响照明,"H82,",2021-02-19,处理反馈
572789,长安福特,翼搏,2013款 1.5 自动 尊贵型,长安福特翼搏变速箱拨叉存在设计缺陷,"B77,Q322,",2021-02-19,处理反馈
572788,沃尔沃（进口）,沃尔沃XC60（进口）,2012款 2.0T DCT T5舒适版,进口沃尔沃XC60变速箱漏油顿挫发动机烧机油,"A9,A63,B19,",2021-02-19,信息审核
572786,长安汽车,长安CS35,2016款 1.6L 手动 豪华型 国V,长安CS35发动机故障报警 三元催化器故障,"A34,H54,",2021-02-19,处理反馈
572785,上汽通用五菱,宝骏E200,2018款 智行版,宝骏E200充电中断要求厂家解决,"H340,",2021-02-19,处理反馈
572784,华晨宝马,宝马3系,2020款 325Li 首发版,华晨宝马3系刹车片异常磨损希望处理,"E47,",2021-02-19,信息审核
572782,东风日产,天籁,2011款 2.0 XL CVT 舒适版 天籁,东风日产天籁仪表台开裂存在质量问题,"H176,",2021-02-19,处理反馈
572781,奇瑞汽车,瑞虎3,2016款 1.6L 手动 智尚版,奇瑞瑞虎3起步抖动离合器抖动打滑,"A24,A35,C87,C16,",2021-02-19,处理反馈
572779,长安福特,福睿斯,2017款 1.5L 自动 时尚型 幸福版,长安福特福睿斯主驾驶车窗玻璃升降失效,"H67,",2021-02-19,用户评分
572777,东风小康,风光330,2016款 1.5L 乐享型DK15-02,东风风光330车身生锈希望厂家质保处理,"H79,",2021-02-19,处理反馈
572776,一汽-大众捷达,捷达VS5,2019款 280TSI 自动 进取型,一汽大众捷达VS5导航屏上有凸起售后未解决,"H134,H93,H151,",2021-02-19,处理反馈
572775,东风日产,天籁,2020款 改款 2.0T XL Upper AD1 智享领航版,东风日产天籁车机智联无法使用且油箱异响,"H155,H147,",2021-02-19,用户评分
572773,一汽-大众,迈腾,2018款 330TSI DSG 豪华型,一汽大众迈腾变速箱处于紧急状态故障灯亮,"B96,",2021-02-19,用户评分
572772,广汽丰田,汉兰达,2015款 2.0T 四驱 豪华版 7座,广汽丰田汉兰达发动机故障灯亮缸体破损,"A34,A136,",2021-02-19,信息审核
572767,一汽奔腾,奔腾T77,2020款 PRO 280 TID 自动 尊享型,一汽奔腾T77电瓶亏电导致车辆无法启动,"H146,",2021-02-19,处理反馈
572766,广汽乘用车,传祺GS4新能源,2017款 1.5L PHEV 尊享版,传祺GS4新能源转向机异响米其林轮胎开裂,"D59,F100,G52,",2021-02-19,信息审核
572764,华晨宝马,宝马3系,2020款 325i M运动曜夜套装,华晨宝马3系4S店更换空调滤芯后出现异味,"H60,I295,J300,",2021-02-19,信息审核
572763,福田汽车,时代领航,2014款 143马力 4.2米单排 栏板 轻卡(万里扬6挡)(BJ1043V9JBA-BG),福田时代领航前桥固定螺丝松动导致车辆侧翻,"G204,",2021-02-19,信息审核
572762,上汽大众,途观L,2017款 330TSI 两驱 豪华版,上汽大众途观L变速箱机电控制单元故障,"B115,",2021-02-19,处理反馈
572756,东风悦达起亚,福瑞迪,2019款 1.6L 自动 风尚版 国VI,东风悦达起亚福瑞迪发动机异响希望处理,"A9,",2021-02-19,处理反馈
572754,长安福特,福睿斯,2015款 1.5L 手动 舒适型,长安福特福睿斯左前侧车窗玻璃升降失灵,"H67,",2021-02-19,处理反馈
572749,吉利汽车,缤越,2019款 运动款 260T DCT Battle 国VI 运动款,吉利缤越怠速车窗异常抖动希望处理,"H72,",2021-02-19,处理反馈
572748,一汽-大众,探岳,2020款 330TSI 两驱 豪华智联版,一汽大众探岳颗粒捕捉器堵塞发动机油耗高,"A85,A114,",2021-02-19,处理反馈
572745,上汽大众,途观L,2017款 380TSI 四驱 豪华版,大众途观L变速箱故障灯亮处于紧急运行模式,"B96,",2021-02-19,处理反馈
572744,长城汽车,长城C30,2012款 1.5 手动 舒适精配版,长城C30车门生锈车漆氧化色差明显,"H79,H67,H201,",2021-02-19,处理反馈
572742,一汽-大众,探岳,2019款 330TSI 两驱 豪华型 国Ⅵ,一汽大众探岳变速箱低速挡顿挫异响,"B33,B19,",2021-02-19,处理反馈
572736,北京奔驰,奔驰E级,2020款 改款 E 260 L,北京奔驰E级内饰装饰板木纹开裂质量差,"H168,",2021-02-19,处理反馈
572735,广汽本田,缤智,2017款 1.8L CVT 两驱 先锋型,广汽本田缤智行驶过程中发动机突然断油,"A255,",2021-02-19,处理反馈
572734,上汽通用五菱,五菱宏光,2016款 1.5L 尊享型 S1 国V,上汽通用五菱宏光变速箱无法换挡望解决,"B20,",2021-02-19,处理反馈
572733,一汽丰田,卡罗拉,2019款 双擎 1.8L E-CVT GL-i精英版,一汽丰田卡罗拉厂家不履行三包换车未兑现,"L310,",2021-02-19,信息审核
572732,东风标致,标致4008,2018款 350THP 精英版,东风标致4008车载互联功能无法连接,"H155,",2021-02-19,处理反馈
572731,一汽丰田,威驰,2017款 1.5L CVT 创行版,一汽丰田威驰低速行驶时发动机异响,"A9,",2021-02-19,信息审核
572728,领克,领克03,2019款 2.0TD 自动 劲Pro版,领克03变速箱升降挡不顺畅有明显拖拽感,"B19,B69,",2021-02-19,处理反馈
572726,北京现代,途胜,2020款 280TGDi 双离合 两驱 时尚版 国VI,北京现代途胜行驶中车内异响找不到原因,"H164,",2021-02-19,处理反馈
572725,奇瑞汽车,捷途X90,2020款 1.6T DCT 影尊版 7座,奇瑞捷途X90电池故障导致熄火 服务态度差,"H146,I293,",2021-02-19,用户评分
572724,东风风行,风行T5L,2020款 1.5T 自动 豪华型 7座 国VI,东风风行T5L行驶上下坡时变速箱不升挡,"B69,",2021-02-19,处理反馈
572723,广汽丰田,凯美瑞,2019款 2.5S 锋尚版 国VI,广汽丰田凯美瑞底盘和排气管出现生锈的现象,"H79,",2021-02-19,信息审核
572722,广汽三菱,奕歌,2019款 1.5T CVT 两驱 梦想版 国VI,广汽三菱奕歌天窗异响多次维修没有解决,"H89,",2021-02-19,厂家受理
572720,北京现代,索纳塔插电混动,2018款 2.0 PHT 智尊版 国V,北京现代索纳塔插电混动冷却系统高温警报,"A191,",2021-02-19,处理反馈
572717,北京奔驰,奔驰GLC,2020款 GLC 260 L 4MATIC 动感型,北京奔驰GLC车内中控塑料板有开裂,"H168,",2021-02-19,处理反馈
572716,吉利汽车,帝豪GL,2020款 1.4T CVT 豪华型,吉利帝豪GL后备箱生锈左前车门生绣,"H79,",2021-02-19,处理反馈
572715,北京现代,领动,2019款 1.5L CVT 智炫·精英型,北京现代领动左前轮耐克森轮胎鼓包,"F39,",2021-02-19,处理反馈
572714,东风本田,本田XR-V,2015款 1.5L LXi CVT经典版,东风本田XR-V冷车启动VTC动作器异响,"A9,",2021-02-19,处理反馈
572710,长城汽车,风骏7,2019款 2.0T 柴油 四驱 超值型 国VI 大双 GW4D20M,长城风骏7涡轮增压器损坏 售后不予保修,"A189,I297,",2021-02-19,处理反馈
572709,东风标致,标致408,2016款 1.6T 自动 豪华版,东风标致408空调压缩机故障不制冷,"H101,",2021-02-19,处理反馈
572708,广汽丰田,雷凌,2021款 185T CVT 豪华版,广汽丰田雷凌发动机表面出现裂纹希望解决,"A136,",2021-02-19,信息审核
572706,广汽丰田,雷凌,2017款 185T CVT 精英版 国V 改款,广汽丰田雷凌左右两侧的后减震器漏油,"G25,",2021-02-19,信息审核
572703,上汽大众,凌渡,2019款 230TSI DSG 风尚版 国V,上汽大众凌渡变速箱离合器和刹车异响,"B33,C65,E43,G125,",2021-02-19,处理反馈
572702,长安汽车,锐程CC,2020款 1.5T 自动 潮锐型,长安锐程CC停车时发动机自动熄火影响使用,"A14,",2021-02-19,处理反馈
572698,广汽本田,飞度,2014款 1.5L CVT SE时尚型,广汽本田飞度发动机冷启动时异响希望处理,"A9,",2021-02-19,处理反馈
572697,东风本田,本田CR-V,2021款 240TURBO CVT 两驱 黑爵士版,东风本田CR-V转向助力故障左右轻重不一,"D156,",2021-02-19,处理反馈
572692,东风雪铁龙,雪铁龙C6,2017款 380THP 尊贵型,东风雪铁龙C6冷车启动时发动机出现异响,"A9,",2021-02-19,处理反馈
572691,斯巴鲁,傲虎,2018款 2.5i 运动导航版 EyeSight,斯巴鲁傲虎发动机舱和转向异响严重,"A9,D59,",2021-02-19,信息审核
572680,东风乘用车,风神AX7,2018款 1.6T 自动 豪华型,东风风神AX7踩油门发动机异响售后不予处理,"A9,I297,I281,",2021-02-19,处理反馈
572677,东风日产,天籁,2020款 改款 2.0T XL Upper AD1 智享领航版,日产天籁排气过滤系统和巡航故障 车门异响,"A114,H72,H253,",2021-02-19,处理反馈
572675,上汽大众斯柯达,柯迪亚克GT,2019款 TSI330 两驱 豪华版 国V,斯柯达柯迪亚克GT变速箱顿挫 中控顶棚异响,"B19,D80,H93,H164,",2021-02-19,用户评分
572668,长安福特,蒙迪欧,2013款 1.5T 自动 GTDi180时尚型,长安福特蒙迪欧发动机节气门漏油,"A12,",2021-02-19,处理反馈
572665,东风日产,骐达TIIDA,2020款 1.6L CVT 智行版,东风日产骐达油箱晃动异响维修后故障加重,"H147,J300,",2021-02-19,用户评分
572664,长安铃木,羚羊,2013款 1.3L 20周年限量版,长安铃木羚羊叶子板及车门大面积生锈,"H79,",2021-02-19,厂家受理
572663,一汽-大众奥迪,奥迪A4L,2020款 40 TFSI 豪华致雅型,一汽大众奥迪A4L车联网功能无法激活使用,"H155,",2021-02-19,信息审核
572662,东风乘用车,奕炫,2020款 230T 自动 炫曜赛道骑士版,东风风神奕炫后桥故障导致轮胎偏磨,"G245,",2021-02-19,处理反馈
572659,东风本田,思铂睿,2013款 2.4L 自动 豪华版,东风本田思铂睿天窗内部框架生锈,"H79,",2021-02-19,用户评分
572657,广汽丰田,凯美瑞,2016款 2.5G 自动 十周年纪念豪华导航版,广汽丰田凯美瑞球笼套漏油希望厂家处理,"G161,",2021-02-19,处理反馈
572655,一汽-大众,探岳,2019款 330TSI 四驱 豪华型 国Ⅵ,一汽大众探岳行驶中手套箱自动打开,"H168,H152,N318,",2021-02-19,用户评分
572654,一汽-大众奥迪,奥迪A4L,2011款 2.0 TFSI 舒适型,一汽大众奥迪A4L停车后车辆无法启动,"A44,",2021-02-19,信息审核
572653,广汽丰田,YARiS L 致炫,2019款 1.5E CVT 魅动版 国VI,广汽丰田致炫车内阅读灯多次维修不亮,"H82,",2021-02-19,用户评分
572652,长城汽车,哈弗M6,2019款 1.5T DCT 两驱 超值版 国VI,哈弗M6行驶过程中车辆向右侧跑偏,"G117,",2021-02-19,处理反馈
572651,长安汽车,长安CS55,2017款 1.5T 手动 炫动型,长安CS55车机卡顿死机无限重启希望处理,"H155,",2021-02-19,处理反馈
572649,东风悦达起亚,智跑,2019款 2.0L 自动 智享豪华版,东风悦达起亚智跑车门内侧生锈 中控台异响,"A9,E43,H79,H93,",2021-02-19,处理反馈
572646,奇瑞捷豹路虎,捷豹XEL,2019款 2.0T 200PS 尊享版,奇瑞捷豹路虎XEL发动机漏油而且有熄火的现象,"A12,A14,",2021-02-19,处理反馈
572642,东风日产,轩逸,2019款 1.6XV CVT 智联尊享版 国VI,东风日产轩逸变速箱阀体损坏水温高,"A34,A191,B96,B84,",2021-02-19,用户评分
572639,一汽-大众,迈腾,2017款 330TSI DSG 豪华型,一汽大众迈腾变速箱低速顿挫异响,"B33,B19,",2021-02-19,处理反馈
572638,东风悦达起亚,智跑,2019款 2.0L 自动 智享豪华版,东风悦达起亚智跑车身共振异响严重,"H15,H268,",2021-02-19,处理反馈
572637,一汽-大众,迈腾,2018款 330TSI DSG 豪华型,一汽大众迈腾变速箱机电控制单元故障,"B115,",2021-02-19,处理反馈
572635,知豆电动车,知豆D2,2016款 D2,知豆D2充电机总成损坏导致车辆无法充电,"H340,",2021-02-19,厂家受理
572633,东风乘用车,风神AX7,2015款 2.0L 自动 智逸型 5座,东风风神AX7刹车疲软 动力不足 油门异常,"A163,A174,E269,",2021-02-19,处理反馈
572632,北京奔驰,奔驰E级新能源,2020款 E 300 e L,北京奔驰E级新能源冷却系统报警 雷达故障,"A191,H289,",2021-02-19,处理反馈
572631,广汽菲克Jeep,大指挥官PHEV,2020款 2.0T 插电混动 领先版,广汽菲克Jeep大指挥官PHEV发动机故障灯亮,"A34,E333,H155,",2021-02-19,厂家受理
572629,吉利汽车,缤越,2019款 260T DCT 骑士 国V,吉利缤越车机系统更新承诺厂家未兑现,"L314,",2021-02-19,处理反馈
572628,一汽-大众捷达,捷达VS5,2019款 280TSI 自动 悦享型,一汽大众捷达VS5后备箱胶条开裂刹车异响,"E43,H168,H72,H93,",2021-02-19,处理反馈
572627,一汽-大众,迈腾,2017款 330TSI DSG 领先型,一汽大众迈腾变速箱机电单元故障,"B115,",2021-02-19,处理反馈
572622,东风本田,本田CR-V,2021款 锐·混动 2.0L 两驱 净驰版,东风本田CR-V轻踩刹车时出现异响,"E43,",2021-02-19,处理反馈
572619,江淮汽车,嘉悦A5,2020款 1.5T CVT 精英型,江淮嘉悦A5发动机低速行驶时异响严重,"A9,A38,",2021-02-19,处理反馈
572614,一汽-大众奥迪,奥迪Q3,2019款 35 TFSI 时尚动感型,一汽大众奥迪Q3加速时发动机舱内异响,"A9,",2021-02-19,信息审核
572611,一汽-大众奥迪,奥迪Q5,2017款 Plus 40 TFSI 技术型,一汽大众奥迪Q5天窗异响维修多次未解决,"H89,",2021-02-19,信息审核
572608,东风日产,奇骏,2014款 2.0L XE CVT 两驱 时尚版,东风日产奇骏行驶时变速箱顿挫异响,"B33,B19,",2021-02-19,处理反馈
572606,东风日产,蓝鸟,2020款 1.6L CVT 智联智酷版,东风日产蓝鸟新车异响维修多次未解决,"H15,",2021-02-19,处理反馈
572604,吉利汽车,缤越,2019款 260T DCT 骑士 国V,吉利缤越行驶时出现底盘异响现象,"G56,",2021-02-19,处理反馈
572601,华晨中华,中华V7,2019款 运动款 280T 自动 豪华型,华晨中华V7发动机机油滤芯出现漏油,"A12,",2021-02-19,信息审核
572600,华晨宝马,宝马1系,2021款 125i M运动曜夜版,华晨宝马1系车联网AAP里程数无法更新,"H155,I293,",2021-02-19,处理反馈
572595,一汽-大众,探岳,2020款 330TSI 两驱 豪华智联版,一汽大众探岳颗粒捕捉器频繁堵塞,"A114,",2021-02-18,用户评分
572592,长安福特,蒙迪欧,2018款 EcoBoost 180 时尚型,长安福特蒙迪欧车顶内饰发霉严重,"H109,",2021-02-18,处理反馈
572590,北京现代,索纳塔,2020款 380TGDi GS 自动 智享版,北京现代索纳塔经销商无配件 服务态度差,"N318,",2021-02-18,处理反馈
572589,广汽丰田,凯美瑞,2015款 2.0G 自动 领先版,广汽丰田凯美瑞车顶棚异响 天窗异响,"H164,H89,J301,",2021-02-18,处理反馈
572587,上汽大众,途观L,2019款 330TSI 自动 两驱 全景舒适版 国VI,上汽大众途观L发动机1200转时车辆振动,"B69,D80,",2021-02-18,处理反馈
572586,吉利新能源,星越新能源,2019款 400T 驭星者 纯电动续航80KM,吉利星越新能源辅助驾驶故障厂家未处理,"A24,H185,H101,H170,",2021-02-18,处理反馈
572585,广汽三菱,欧蓝德,2018款 2.4L 四驱 精英版 5座,广汽三菱欧蓝德发动机抖动 车身共振,"A24,B69,G56,H79,",2021-02-18,厂家受理
572579,东风雪铁龙,C4世嘉,2016款 1.6THP 自动 旗舰型,东风雪铁龙C4世嘉发动机抖动异响无法加速,"A9,A24,A160,",2021-02-18,处理反馈
572578,上汽大众,途观L,2017款 330TSI 两驱 风尚版,上汽大众途观L变速箱处于紧急运行模式,"B84,B115,",2021-02-18,处理反馈
572576,奇瑞汽车,捷途X70 PLUS,2021款 1.5T 手动 林 5座,捷途X70 PLUS大灯不亮 挡杆抖动 中控台异响,"B184,H93,H82,",2021-02-18,处理反馈
572574,广汽本田,飞度,2016款 1.5L LX CVT 舒适型,广汽本田飞度冷车时发动机存在异响,"A9,",2021-02-18,处理反馈
572573,东风日产,逍客,2016款 2.0L CVT 精英版,东风日产逍客变速箱故障灯亮 加速迟缓,"B96,B334,",2021-02-18,处理反馈
572572,众泰汽车,众泰Z500,2015款 1.5T 手动 尊贵型,众泰Z500质保期内厂家不予以索赔	,"I297,",2021-02-18,信息审核
572571,广汽菲克菲亚特,菲翔,2012款 1.4T 自动 劲享版,广汽菲克菲亚特菲翔变速箱渗油而且打滑,"B22,B334,",2021-02-18,厂家受理
572570,一汽-大众,迈腾,2017款 330TSI DSG 领先型,一汽大众迈腾变速箱无偶数挡处于紧急状态,"B20,",2021-02-18,处理反馈
572566,广汽丰田,雷凌,2019款 185T CVT 豪华版 国VI,广汽丰田雷凌低速行驶过程中变速箱出现异响,"B33,",2021-02-18,处理反馈
572565,广汽本田,雅阁,2018款 2.0L 锐领版 锐·混动 国V,广汽本田雅阁4S店维修后车辆出现划痕磕碰,"J300,",2021-02-18,处理反馈
572564,上汽大众,Polo,2016款 1.4L 手动 风尚型,上汽大众Polo售后接待人员态度恶劣,"I293,",2021-02-18,用户评分
572562,上汽大众斯柯达,柯迪亚克,2020款 TSI330 两驱 豪华优享版 5座,斯柯达柯迪亚克车身共振 变速箱异响,"B33,H268,",2021-02-18,处理反馈
572559,一汽-大众,迈腾,2018款 330TSI DSG 豪华型,一汽大众迈腾行驶时变速箱底盘异响,"B33,G56,",2021-02-18,处理反馈
572558,长安福特,福睿斯,2019款 改款 1.5L 自动 质享型（胎压监测） 国VI,长安福特福睿斯4S店变相收费强制办理储值卡,"K307,K325,",2021-02-18,用户评分
572556,一汽-大众奥迪,奥迪A4L,2015款 2.0T CVT 自动 舒适型,一汽大众奥迪A4L防冻液渗漏需要更换节温器,"A37,A191,",2021-02-18,信息审核
572554,东风本田,本田XR-V,2017款 1.5L LXi CVT 经典版,东风本田XR-V启动时有异响4S店告知正常,"A9,",2021-02-18,处理反馈
572551,一汽丰田,锐志,2007款 3.0V 超级运动版 新锐志 REIZ,一汽丰田锐志仪表台龟裂存在质量问题,"H176,",2021-02-18,信息审核
572550,一汽-大众,探岳,2019款 330TSI 两驱 豪华型Plus 国VI,一汽大众探岳变速箱拖挡抖动底盘异响,"B33,B95,B69,",2021-02-18,处理反馈
572547,一汽-大众,宝来,2021款 1.5L 手动 时尚智联版,一汽大众宝来转向异响希望厂家处理问题,"D59,",2021-02-18,处理反馈
572546,北京奔驰,奔驰GLB,2020款 GLB 180 时尚型,北京奔驰GLB碳罐电磁阀阻尼器缺失导致异响,"Q322,",2021-02-18,处理反馈
572545,江淮汽车,嘉悦A5,2020款 1.5T CVT 精英型,江淮嘉悦A5发动机容易熄火维修未解决问题,"A14,",2021-02-18,用户评分
572540,东风本田,本田CR-V,2017款 240TURBO 自动 两驱 风尚版,东风本田CR-V刹车踏板不回位希望厂家处理,"E196,",2021-02-18,用户评分
572538,众泰汽车,大迈X7,2017款 2.0T DCT 至尊型,众泰大迈X7挂挡困难无法启动希望解决,"B20,",2021-02-18,信息审核
572536,东风日产,轩逸,2016款 1.6XV CVT 智享版,东风日产轩逸前后减震器存在严重漏油,"G25,",2021-02-18,处理反馈
572535,一汽-大众奥迪,奥迪Q5,2017款 Plus 40 TFSI 技术型,一汽大众奥迪Q5节温器故障导致漏防冻液,"A37,",2021-02-18,信息审核
572532,长城汽车,哈弗H2,2018款 1.5T 双离合 两驱 精英型 蓝标,哈弗H2百度carlife功能无法升级连接,"H155,",2021-02-18,用户评分
572531,福田汽车,欧曼,2008款 BJ4181SLFJA-6 牵引,福田欧曼差速器损坏导致车辆无法行驶,"H86,",2021-02-18,信息审核
572526,北京现代,途胜,2015款 1.6T   双离合 两驱 舒适型,北京现代途胜天窗关不上 两侧密封条损坏,"H48,H192,",2021-02-18,处理反馈
572525,宝马（进口）,宝马X5,2018款 xDrive35i 典雅型,进口宝马X5后备箱异响经销商多次维修未解决,"H15,J298,",2021-02-18,用户评分
572524,东风日产,天籁,2020款 改款 2.0L XL 舒适版,东风日产天籁启停系统故障 发动机抖动,"A24,H263,",2021-02-18,处理反馈
572523,一汽红旗,红旗HS5,2019款 2.0T 智联旗享四驱版,一汽红旗HS5怠速共振 开空调电机噪音大,"A24,H101,",2021-02-18,信息审核
572522,BEIJING汽车,BEIJING-EU5,2019款 R500 智风版,BEIJING-EU5经销商承诺置换补贴未兑现,"L313,",2021-02-18,处理反馈
572521,广汽丰田,雷凌,2021款 双擎 1.8H E-CVT 豪华版,广汽丰田雷凌轮毂处漏油希望尽快处理,"G51,",2021-02-18,处理反馈
572518,一汽丰田,锐志,2007款 2.5S 真皮天窗版 新锐志 REIZ,一汽丰田锐志中控台皮革严重开裂,"H176,",2021-02-18,信息审核
572517,吉利汽车,帝豪GL,2018款 1.4T 自动 尊贵智联型,吉利帝豪GL变速箱漏油维修多次没有解决,"B22,J298,",2021-02-18,处理反馈
572516,长安福特,翼虎,2018款 EcoBoost 180 两驱 铂翼型 改款,长安福特翼虎车门天窗异响 固特异轮胎起皮,"F186,H72,H89,",2021-02-18,处理反馈
572515,吉利汽车,帝豪GS,2016款 1.3T 自动 领尚型 优雅版,吉利帝豪GS低速时变速箱顿挫无法换挡,"B19,B20,",2021-02-18,处理反馈
572514,北京现代,北京现代ix35,2012款 2.0L 自动 两驱 精英版 GLS,北京现代ix35发动机敲缸希望厂家解决,"A9,A18,",2021-02-18,处理反馈
572512,一汽-大众奥迪,奥迪A3,2020款 Sportback 35 TFSI 时尚型 国VI,一汽大众奥迪A3发动机故障报警爬坡抖动失速,"A24,A34,A255,",2021-02-18,信息审核
572511,北京现代,名图,2017款 1.6T 自动 智能型 GLS,北京现代名图半轴屚油异响天窗异响,"A18,G51,G158,H89,",2021-02-18,用户评分
572510,东风日产,轩逸,2014款 1.6L XV CVT 尊享版,东风日产轩逸车身漏水导致地板积水,"H109,",2021-02-18,用户评分
572509,吉利汽车,帝豪GL,2018款 1.4T 手动 精英智联型,吉利帝豪GL车轮刹车力度不一致 手刹失灵,"E269,E159,",2021-02-18,处理反馈
572507,一汽-大众,迈腾,2017款 330TSI DSG 舒适型,一汽大众迈腾变速箱机电控制单元损坏,"B115,",2021-02-18,处理反馈
572506,上汽大众斯柯达,速派,2016款 TSI330 DSG 智行版,斯柯达速派变速箱机电控制单元故障,"B115,",2021-02-18,处理反馈
572503,长安福特,蒙迪欧致胜,2011款 240 GTDi 豪华运动型导航版,长安福特蒙迪欧致胜变速箱异响顿挫拖挡漏油,"B33,B19,B22,B69,",2021-02-18,处理反馈
572502,一汽-大众,探岳,2020款 330TSI 两驱 豪华智联版,一汽大众探岳冬季颗粒过滤器堵塞导致油耗高,"A114,",2021-02-18,处理反馈
572499,江淮汽车,瑞风S2,2015款 1.5L CVT 豪华智能型,江淮瑞风S2变速箱起步冲击打滑无法行驶,"B19,B27,",2021-02-18,用户评分
572497,广汽本田,飞度,2014款 1.5L 手动 LX舒适型,广汽本田飞度冷车时发动机异响启动困难,"A9,A44,",2021-02-18,处理反馈
572496,一汽-大众奥迪,奥迪Q5L,2018款 40 TFSI 荣享时尚型 国V,一汽大众奥迪Q5L四驱系统故障希望厂家处理,"H86,",2021-02-18,信息审核
572493,奇瑞汽车,瑞虎8,2018款 1.5TCI 自动 豪华型 7座,奇瑞瑞虎8中控及主驾座椅异响严重,"G52,H93,H169,",2021-02-18,处理反馈
572490,广汽丰田,丰田C-HR,2020款 2.0L 精英版,广汽丰田CH-R后备箱异响4S店找不到原因,"H68,",2021-02-18,处理反馈
572489,长安福特,翼虎,2013款 1.6T  两驱舒适型,长安福特翼虎发动机漏防冻液	变速箱漏油,"A37,B22,",2021-02-18,用户评分
572488,一汽奔腾,奔腾B30,2016款 1.6L 手动 豪华型,一汽奔腾B30高速行驶时转向有卡顿的现象,"D123,",2021-02-18,处理反馈
572487,北京奔驰,奔驰GLC,2021款 GLC 260 L 4MATIC 豪华型,北京奔驰GLC天窗破裂 电瓶漏电 误导消费,"H146,H168,K308,",2021-02-18,处理反馈
572486,吉利汽车,远景X6,2016款 1.8L 手动 豪华型,吉利远景X6装饰条脱落影响车辆美观,"H179,",2021-02-18,处理反馈
572485,长安汽车,长安欧尚X70A,2018款 1.5L 手动 豪华型,长安欧尚X70A刹车盘异常磨损严重影响安全,"E47,",2021-02-18,用户评分
572484,陆风汽车,陆风X5,2014款 2.0T 自动 创领版 5座,陆风X5车辆行驶中反复失去动力车身抖动,"A24,A255,A160,",2021-02-18,信息审核
572483,英菲尼迪（进口）,英菲尼迪QX60,2020款 2.5 S/C Hybrid 两驱 卓越版,进口英菲尼迪QX60发动机无法启动,"A44,H67,",2021-02-18,信息审核
572481,上汽通用五菱,五菱宏光S3,2019款 1.5L 手动 标准型 国VI,上汽通用五菱宏光S3发动机更换承诺不兑现,"L314,",2021-02-18,处理反馈
572478,一汽-大众,迈腾,2017款 330TSI DSG 舒适型,一汽大众迈腾高速行驶时变速箱故障灯亮,"B96,",2021-02-18,处理反馈
572476,东风本田,INSPIRE,2019款 锐·混动 2.0L 净尚版 国VI,东风本田INSPIRE发动机噪音大希望解决,"A38,",2021-02-18,处理反馈
572474,吉利汽车,帝豪GL,2017款 1.8L 手动 精英型,吉利帝豪GL离合器损坏导致无法正常行驶,"C267,",2021-02-18,用户评分
572468,东风本田,本田UR-V,2020款 370TURBO 两驱 尊雅版,东风本田UR-V行驶过程中汽油箱内有异响,"H147,",2021-02-18,处理反馈
572467,一汽-大众奥迪,奥迪A4L,2016款 2.0T 自动 技术型,一汽大众奥迪A4L节温器漏防冻液,"A37,",2021-02-18,信息审核
572466,一汽-大众,宝来,2020款 1.5L 自动 舒适型,一汽大众宝来车身生锈 发动机渗油,"A12,H79,",2021-02-18,处理反馈
572465,长城汽车,哈弗大狗,2021款 1.5T DCT 拉布拉多版,哈弗大狗导航不准确影响正常行驶,"H21,",2021-02-18,厂家受理
572464,北京现代,领动,2020款 1.4T 双离合 炫动·旗舰型,北京现代领动变速箱漏油希望厂家尽快处理,"B22,",2021-02-18,处理反馈
572463,吉利汽车,帝豪GS,2018款 1.8L 自动 优雅版 领尚型,吉利帝豪GS变速箱异响4S店强制扣押行驶证,"B33,I293,",2021-02-18,用户评分
572461,陆风汽车,陆风X7,2015款 2.0T 全景尊贵版,陆风X7变速箱挡位失灵厂家不处理,"B246,I295,",2021-02-18,信息审核
572457,一汽-大众奥迪,奥迪Q2L,2018款 35TFSI 时尚动感型 国Ⅵ,一汽大众奥迪Q2L发动机气门故障,"A251,",2021-02-18,信息审核
572454,长安汽车,欧力威,2013款 1.4 手动 劲享型,长安欧力威发动机舱生锈 车门生锈,"H79,",2021-02-18,处理反馈
572451,北京现代,领动,2018款 1.6L 自动 15周年特别版,北京现代领动ABS与ESP故障报警,"E74,H170,H197,",2021-02-18,用户评分
572448,东风日产,轩逸,2020款 改款 1.6L XL CVT 悦享版,日产轩逸发动机故障转向故障刹车异响,"A9,D265,E43,",2021-02-18,处理反馈
572445,广汽本田,锋范经典,2012款 1.5L 手动 舒适版,广汽本田锋范经典车身底盘生锈严重,"H79,",2021-02-18,处理反馈
572444,广汽本田,皓影,2020款 240TURBO CVT 两驱 精英版,广汽本田皓影新车变速箱壳体沙眼漏油,"B22,",2021-02-18,用户评分
572440,东风日产,楼兰,2019款 2.5L XE 两驱 精英版 国VI,东风日产楼兰车身共振希望厂家解决,"H268,",2021-02-18,处理反馈
572439,北京现代,途胜,2019款 280TGDi 双离合 两驱 时尚版 国VI,北京现代途胜新车全车车漆生锈要求解决,"H79,",2021-02-18,处理反馈
572438,一汽丰田,卡罗拉,2019款 1.2T S-CVT GL先锋版,一汽丰田卡罗拉低速变速箱顿挫严重,"B19,",2021-02-18,信息审核
572437,东风悦达起亚,起亚KX5,2016款 1.6T 自动 两驱Premium,东风悦达起亚KX5发动机缸盖渗油,"A12,",2021-02-18,用户评分
572435,一汽-大众,迈腾,2020款 330TSI DSG 领先型,一汽大众迈腾变速箱顿挫发动机程序被修改,"B19,O305,",2021-02-18,处理反馈
572433,长安汽车,长安欧尚X7,2020款 1.5T 自动 尊贵型,长安欧尚X7购车终身免费保养不兑现,"L313,",2021-02-18,处理反馈
572431,长安凯程,长安凯程F70,2020款 2.5T 两驱 标准版 标轴JE4D25Q6A 国VI 柴油,长安凯程F70涡轮故障4S店换错变速箱油,"A12,A189,J299,",2021-02-18,信息审核
572430,一汽-大众,速腾,2019款 280TSI DSG 舒适型 国VI,一汽大众速腾大灯发白内部有雾气,"H82,H88,",2021-02-18,处理反馈
572427,北京奔驰,奔驰GLC,2020款 GLC 260 L 4MATIC 动感型,北京奔驰奔驰GLC Carpaly无法全屏,"H134,",2021-02-18,处理反馈
572426,野马汽车,野马T80,2017款 1.5T 手动 炫酷版,野马T80发动机故障灯亮电子手刹无法解除,"A34,E159,",2021-02-18,信息审核
572425,东风日产,天籁,2013款 2.0L XL 舒适版,东风日产天籁发动机烧机油车内异位,"A63,H185,",2021-02-18,处理反馈
572424,一汽-大众,宝来,2019款 1.5L 自动 舒适型,一汽大众宝来向右转弯时左前轮出现异响,"G125,",2021-02-18,用户评分
572423,吉利汽车,帝豪GS,2020款 1.4T CVT 雅,吉利帝豪GS销售告知车机功能与实车不符,"M279,",2021-02-18,处理反馈
572422,长安福特,福睿斯,2017款 1.5L 自动 时尚型 幸福版,长安福特福睿斯发动机无法启动故障灯亮,"A34,A44,",2021-02-18,用户评分
572421,一汽丰田,RAV4荣放,2016款 2.0L CVT 两驱 风尚版 国V,一汽丰田RAV4荣放半轴防尘套漏油严重,"G51,",2021-02-18,信息审核
572418,一汽-大众奥迪,奥迪Q5,2017款 2.0T 40 TFSI 技术型,一汽大众奥迪Q5发动机高温防冻液渗漏,"A37,A191,",2021-02-18,信息审核
572417,东风本田,INSPIRE,2019款 260TURBO 精悦版 国VI,东风本田INSPIRE低速行驶顿挫严重,"B19,",2021-02-18,处理反馈
572413,上汽大众,途观L新能源,2019款 430PHEV 混动豪华版,上汽大众途观L新能源定速巡航报警希望处理,"H253,",2021-02-18,处理反馈
572412,一汽-大众,T-ROC探歌,2019款 280TSI DSG 两驱 舒适型 国VI,一汽大众探歌韩泰轮胎不同程度老化开裂,"F100,",2021-02-18,处理反馈
572410,北京奔驰,奔驰GLK,2015款 300 4MATIC 豪华型 极致版 5座,北京奔驰GLK挂挡驻车抖动希望处理,"H268,",2021-02-18,用户评分
572408,广汽丰田,汉兰达,2015款 2.0T 四驱 豪华版 7座,广汽丰田汉兰达经销商保养后发动机拉缸,"A9,A329,",2021-02-18,处理反馈
572407,上汽大众斯柯达,速派,2018款 TSI280 DSG 舒适版 国V,斯柯达速派停放无故自燃要求尽快处理,"H40,",2021-02-18,处理反馈
572405,北京现代,领动,2016款 1.6L 自动 智炫·精英型,北京现代领动发动机异响出现漏油,"A9,A12,",2021-02-18,处理反馈
572403,一汽奔腾,奔腾T77,2019款 230 TID 自动 豪华型 国V,一汽奔腾T77变速箱渗油换挡异响顿挫失速,"B33,B19,B22,B334,",2021-02-18,处理反馈
572398,奇瑞新能源,奇瑞eQ,2015款 舒适型,奇瑞eQ厂家私自更改三电部件质保期,"L314,",2021-02-18,厂家受理
572395,广汽丰田,雷凌,2021款 185T CVT 运动版,广汽丰田雷凌发动机舱进泥存在设计缺陷,"Q322,",2021-02-18,处理反馈
572394,东风日产,启辰星,2020款 260T 自动 48V轻混增压 星享版,启辰星软件匹配问题多处故障报警,"H110,",2021-02-18,信息审核
572393,北京现代,朗动,2016款 1.6L 手动 尊贵型,北京现代朗动中控显示屏突然黑屏,"H134,",2021-02-18,处理反馈
572389,东风本田,本田CR-V,2019款 锐·混动 2.0L 两驱 净速版 国VI,东风本田CR-V机油增多乳化厂家处理态度消极,"A339,A13,I295,",2021-02-18,处理反馈
572388,长安福特,蒙迪欧,2020款 EcoBoost 180 时尚型,长安福特蒙迪欧行驶中发动机和油箱有异响,"A9,H147,J300,",2021-02-18,处理反馈
572384,上汽集团,荣威360,2015款 1.5L   自动 豪华版,上汽荣威360行驶过程中前悬架存在异响,"G204,",2021-02-18,处理反馈
572382,吉利汽车,缤越,2019款 运动款 260T DCT Battle 国VI 运动款,吉利缤越主驾驶车窗漏风维修后没有解决,"H144,",2021-02-18,用户评分
572381,东风日产,天籁,2019款 2.0L XL 舒适版,东风日产天籁前悬挂异响 倒车影像蓝屏,"G204,H134,H147,H253,",2021-02-18,处理反馈
572375,奇瑞汽车,艾瑞泽5,2016款 1.5L 手动 领潮版,奇瑞艾瑞泽5后备箱和车身漏水希望厂家解决,"H109,",2021-02-18,处理反馈
572374,上汽大通,上汽大通MAXUS V80,2017款 2.5T AMT 尊杰 行政 长轴 中顶 6座 国V,上汽大通MAXUS V80发动机防盗启动 无法启动,"H23,",2021-02-18,处理反馈
572372,东风标致,标致2008,2014款 1.6L 手动 时尚版,东风标致2008质保期内发动机烧机油不解决,"A63,",2021-02-18,信息审核
572371,一汽-大众奥迪,奥迪A4L,2016款 quattro 2.0T 双离合 个性运动型,一汽大众奥迪A4L节温器处有漏防冻液的现象,"A37,",2021-02-18,信息审核
